time,temp,rhum,pres,wind_speed,cloud_frac,precip_1h,symbol_code,city_name
2025-06-06 11:00:00+00:00,25.4,90.7,1008.0,1.7,90.6,0.0,cloudy,Buon Ma Thuot
2025-06-06 11:00:00+00:00,30.1,82.7,1002.3,3.3,8.6,0.0,clearsky_day,Hanoi
2025-06-06 11:00:00+00:00,29.7,75.0,1006.7,2.7,88.3,0.0,partlycloudy_night,Nha Trang
2025-06-06 11:00:00+00:00,28.6,80.9,1005.8,3.7,24.2,0.0,fair_night,Da Nang
2025-06-06 11:00:00+00:00,27.2,86.3,1008.0,1.3,100.0,0.0,partlycloudy_night,Ho Chi Minh City
2025-06-06 11:00:00+00:00,31.0,78.1,1003.4,4.5,15.6,0.0,fair_day,Ha Tinh
2025-06-06 11:00:00+00:00,29.2,75.5,1003.8,3.8,13.3,0.0,fair_day,Lang Son
2025-06-06 11:00:00+00:00,29.8,82.3,1001.5,1.5,95.3,0.0,cloudy,Lao Cai
2025-06-06 11:00:00+00:00,29.6,85.3,1003.3,5.2,16.4,0.0,fair_day,Haiphong
2025-06-06 11:00:00+00:00,28.9,77.6,1008.0,3.0,100.0,0.0,partlycloudy_night,Ca Mau
2025-06-06 12:00:00+00:00,28.2,83.9,1006.5,3.1,15.6,0.0,fair_night,Da Nang
2025-06-06 12:00:00+00:00,30.2,80.3,1004.0,4.6,14.8,0.0,fair_night,Ha Tinh
2025-06-06 12:00:00+00:00,24.8,92.6,1008.9,2.3,43.7,0.0,partlycloudy_night,Buon Ma Thuot
2025-06-06 12:00:00+00:00,28.9,88.8,1003.6,5.5,5.5,0.0,clearsky_night,Haiphong
2025-06-06 12:00:00+00:00,28.2,81.1,1008.1,2.4,100.0,0.0,partlycloudy_night,Ca Mau
2025-06-06 12:00:00+00:00,29.0,78.8,1007.3,2.5,99.2,0.0,partlycloudy_night,Nha Trang
2025-06-06 12:00:00+00:00,28.1,79.5,1004.2,3.8,3.1,0.0,clearsky_night,Lang Son
2025-06-06 12:00:00+00:00,27.1,88.1,1008.3,1.9,93.0,0.0,cloudy,Ho Chi Minh City
2025-06-06 12:00:00+00:00,29.4,84.9,1002.9,3.1,13.3,0.0,fair_night,Hanoi
2025-06-06 12:00:00+00:00,28.4,85.4,1002.1,1.4,98.4,0.0,cloudy,Lao Cai
2025-06-06 13:00:00+00:00,28.8,89.4,1004.3,6.0,7.0,0.0,clearsky_night,Haiphong
2025-06-06 13:00:00+00:00,28.0,86.1,1006.9,3.2,7.8,0.0,clearsky_night,Da Nang
2025-06-06 13:00:00+00:00,28.5,83.1,1002.6,1.4,70.3,0.0,partlycloudy_night,Lao Cai
2025-06-06 13:00:00+00:00,29.8,81.2,1004.7,4.7,10.9,0.0,clearsky_night,Ha Tinh
2025-06-06 13:00:00+00:00,26.9,91.0,1008.4,1.1,67.2,0.0,partlycloudy_night,Ho Chi Minh City
2025-06-06 13:00:00+00:00,28.6,84.3,1007.3,1.4,94.5,0.0,partlycloudy_night,Nha Trang
2025-06-06 13:00:00+00:00,29.0,86.0,1003.7,4.0,64.1,0.0,partlycloudy_night,Hanoi
2025-06-06 13:00:00+00:00,27.6,84.2,1009.1,3.4,100.0,0.1,lightrainshowers_night,Ca Mau
2025-06-06 13:00:00+00:00,24.5,92.6,1009.0,2.0,37.5,0.0,fair_night,Buon Ma Thuot
2025-06-06 13:00:00+00:00,27.3,83.9,1004.9,3.9,2.3,0.0,clearsky_night,Lang Son
2025-06-06 14:00:00+00:00,28.7,90.1,1005.4,5.8,74.2,0.0,partlycloudy_night,Haiphong
2025-06-06 14:00:00+00:00,24.2,91.8,1009.5,2.2,89.1,0.0,partlycloudy_night,Buon Ma Thuot
2025-06-06 14:00:00+00:00,26.7,87.2,1006.1,4.2,69.5,0.0,partlycloudy_night,Lang Son
2025-06-06 14:00:00+00:00,28.6,89.2,1004.7,4.1,3.1,0.0,clearsky_night,Hanoi
2025-06-06 14:00:00+00:00,27.9,88.3,1006.9,2.4,10.9,0.0,clearsky_night,Da Nang
2025-06-06 14:00:00+00:00,28.1,87.5,1007.9,1.3,99.2,0.0,partlycloudy_night,Nha Trang
2025-06-06 14:00:00+00:00,29.3,82.8,1005.2,4.3,14.1,0.0,fair_night,Ha Tinh
2025-06-06 14:00:00+00:00,27.8,85.4,1003.8,1.6,84.4,0.0,partlycloudy_night,Lao Cai
2025-06-06 14:00:00+00:00,26.2,89.3,1010.2,4.9,100.0,0.0,cloudy,Ca Mau
2025-06-06 14:00:00+00:00,26.7,90.9,1008.9,1.5,98.4,0.0,partlycloudy_night,Ho Chi Minh City
2025-06-06 15:00:00+00:00,28.2,91.8,1005.1,4.0,1.6,0.0,clearsky_night,Hanoi
2025-06-06 15:00:00+00:00,26.4,92.1,1009.4,1.7,99.2,0.0,partlycloudy_night,Ho Chi Minh City
2025-06-06 15:00:00+00:00,26.2,90.4,1010.5,4.3,100.0,0.0,cloudy,Ca Mau
2025-06-06 15:00:00+00:00,27.9,89.7,1008.2,1.4,100.0,0.0,partlycloudy_night,Nha Trang
2025-06-06 15:00:00+00:00,27.4,87.2,1004.6,1.8,75.8,0.0,partlycloudy_night,Lao Cai
2025-06-06 15:00:00+00:00,27.6,91.1,1007.1,2.3,7.8,0.0,clearsky_night,Da Nang
2025-06-06 15:00:00+00:00,29.2,80.6,1005.5,4.0,18.0,0.0,fair_night,Ha Tinh
2025-06-06 15:00:00+00:00,26.2,90.5,1006.7,4.2,69.5,0.0,partlycloudy_night,Lang Son
2025-06-06 15:00:00+00:00,28.6,90.4,1005.9,6.0,83.6,0.0,partlycloudy_night,Haiphong
2025-06-06 15:00:00+00:00,24.1,91.2,1009.7,2.6,64.1,0.0,partlycloudy_night,Buon Ma Thuot
2025-06-06 16:00:00+00:00,27.6,93.3,1008.2,1.5,100.0,0.0,partlycloudy_night,Nha Trang
2025-06-06 16:00:00+00:00,25.8,91.9,1010.2,2.7,100.0,0.0,cloudy,Ca Mau
2025-06-06 16:00:00+00:00,26.9,87.1,1005.3,1.2,55.5,0.0,partlycloudy_night,Lao Cai
2025-06-06 16:00:00+00:00,27.8,92.5,1005.8,3.9,14.1,0.0,fair_night,Hanoi
2025-06-06 16:00:00+00:00,28.3,90.3,1006.5,6.3,93.7,0.0,partlycloudy_night,Haiphong
2025-06-06 16:00:00+00:00,25.9,92.1,1007.2,4.2,85.2,0.0,partlycloudy_night,Lang Son
2025-06-06 16:00:00+00:00,27.1,91.6,1009.9,1.5,100.0,0.0,cloudy,Ho Chi Minh City
2025-06-06 16:00:00+00:00,26.6,87.6,1007.7,2.9,34.4,0.0,fair_night,Da Nang
2025-06-06 16:00:00+00:00,27.0,88.4,1006.1,4.2,21.9,0.0,fair_night,Ha Tinh
2025-06-06 16:00:00+00:00,24.0,94.1,1010.0,2.7,96.1,0.0,partlycloudy_night,Buon Ma Thuot
2025-06-06 17:00:00+00:00,25.7,93.4,1007.1,4.3,74.2,0.0,partlycloudy_night,Lang Son
2025-06-06 17:00:00+00:00,26.7,88.4,1005.8,4.2,6.2,0.0,clearsky_night,Ha Tinh
2025-06-06 17:00:00+00:00,26.8,91.8,1009.4,1.9,100.0,0.0,cloudy,Ho Chi Minh City
2025-06-06 17:00:00+00:00,26.2,89.8,1007.1,2.5,26.6,0.0,fair_night,Da Nang
2025-06-06 17:00:00+00:00,25.8,93.3,1009.8,2.6,100.0,0.0,partlycloudy_night,Ca Mau
2025-06-06 17:00:00+00:00,27.1,94.4,1007.9,1.7,99.2,0.0,cloudy,Nha Trang
2025-06-06 17:00:00+00:00,26.4,89.2,1005.2,0.8,75.0,0.5,rainshowers_night,Lao Cai
2025-06-06 17:00:00+00:00,28.3,90.6,1006.2,6.0,13.3,0.0,fair_night,Haiphong
2025-06-06 17:00:00+00:00,27.7,93.3,1005.6,3.8,85.2,0.0,partlycloudy_night,Hanoi
2025-06-06 17:00:00+00:00,23.7,94.9,1010.0,2.1,87.5,0.0,partlycloudy_night,Buon Ma Thuot
2025-06-06 18:00:00+00:00,25.7,91.3,1005.0,0.8,98.4,1.3,heavyrain,Lao Cai
2025-06-06 18:00:00+00:00,25.6,93.3,1006.6,4.2,94.5,0.0,partlycloudy_night,Lang Son
2025-06-06 18:00:00+00:00,27.5,93.7,1005.0,3.6,60.2,0.0,partlycloudy_night,Hanoi
2025-06-06 18:00:00+00:00,23.2,96.4,1009.5,2.2,100.0,0.0,partlycloudy_night,Buon Ma Thuot
2025-06-06 18:00:00+00:00,26.0,93.5,1008.6,0.9,100.0,0.0,cloudy,Ho Chi Minh City
2025-06-06 18:00:00+00:00,28.2,89.3,1005.7,6.0,10.2,0.0,clearsky_night,Haiphong
2025-06-06 18:00:00+00:00,27.0,91.4,1007.3,2.1,100.0,0.0,partlycloudy_night,Nha Trang
2025-06-06 18:00:00+00:00,25.7,94.3,1009.0,2.2,100.0,0.0,partlycloudy_night,Ca Mau
2025-06-06 18:00:00+00:00,25.9,91.6,1006.0,2.2,25.0,0.0,fair_night,Da Nang
2025-06-06 18:00:00+00:00,26.6,87.1,1005.5,4.1,3.9,0.0,clearsky_night,Ha Tinh
2025-06-06 19:00:00+00:00,28.2,86.6,1005.2,5.9,77.3,0.0,partlycloudy_night,Haiphong
2025-06-06 19:00:00+00:00,25.7,92.7,1005.6,2.7,16.4,0.0,fair_night,Da Nang
2025-06-06 19:00:00+00:00,25.5,93.5,1006.3,4.0,90.6,0.0,partlycloudy_night,Lang Son
2025-06-06 19:00:00+00:00,27.5,93.6,1004.5,3.5,5.5,0.0,clearsky_night,Hanoi
2025-06-06 19:00:00+00:00,25.9,93.9,1008.2,2.5,100.0,0.0,cloudy,Ca Mau
2025-06-06 19:00:00+00:00,25.9,94.4,1008.0,1.2,100.0,0.0,partlycloudy_night,Ho Chi Minh City
2025-06-06 19:00:00+00:00,26.7,85.5,1004.7,3.9,1.6,0.0,clearsky_night,Ha Tinh
2025-06-06 19:00:00+00:00,27.1,90.1,1006.6,2.0,100.0,0.0,partlycloudy_night,Nha Trang
2025-06-06 19:00:00+00:00,22.7,96.5,1008.9,1.2,100.0,0.0,partlycloudy_night,Buon Ma Thuot
2025-06-06 19:00:00+00:00,25.2,95.3,1004.8,1.0,100.0,2.1,heavyrain,Lao Cai
2025-06-06 20:00:00+00:00,22.8,95.4,1008.8,1.6,46.1,0.0,partlycloudy_night,Buon Ma Thuot
2025-06-06 20:00:00+00:00,25.5,93.5,1006.0,3.8,92.2,0.0,partlycloudy_night,Lang Son
2025-06-06 20:00:00+00:00,25.7,92.9,1005.4,2.8,0.8,0.0,clearsky_night,Da Nang
2025-06-06 20:00:00+00:00,28.2,85.2,1004.8,5.8,46.9,0.0,partlycloudy_night,Haiphong
2025-06-06 20:00:00+00:00,26.2,92.9,1007.6,3.6,88.3,0.1,lightrain,Ca Mau
2025-06-06 20:00:00+00:00,24.4,97.8,1004.9,1.3,100.0,3.3,heavyrain,Lao Cai
2025-06-06 20:00:00+00:00,26.8,91.5,1006.4,1.6,99.2,0.0,partlycloudy_night,Nha Trang
2025-06-06 20:00:00+00:00,25.8,95.0,1007.6,2.0,100.0,0.0,cloudy,Ho Chi Minh City
2025-06-06 20:00:00+00:00,26.9,83.8,1004.5,4.0,2.3,0.0,clearsky_night,Ha Tinh
2025-06-06 20:00:00+00:00,27.3,93.9,1004.1,3.5,35.9,0.0,fair_night,Hanoi
2025-06-06 21:00:00+00:00,25.3,94.1,1007.9,4.8,98.4,0.0,cloudy,Ca Mau
2025-06-06 21:00:00+00:00,26.5,85.7,1004.4,3.5,1.6,0.0,clearsky_night,Ha Tinh
2025-06-06 21:00:00+00:00,26.7,90.9,1006.9,2.2,39.1,0.0,partlycloudy_night,Nha Trang
2025-06-06 21:00:00+00:00,25.6,92.6,1005.3,2.8,14.1,0.0,fair_night,Da Nang
2025-06-06 21:00:00+00:00,24.3,97.3,1005.1,1.3,100.0,1.3,heavyrain,Lao Cai
2025-06-06 21:00:00+00:00,28.2,85.3,1004.5,5.7,17.2,0.0,fair_night,Haiphong
2025-06-06 21:00:00+00:00,25.8,95.2,1007.4,2.2,97.7,0.0,cloudy,Ho Chi Minh City
2025-06-06 21:00:00+00:00,22.5,95.3,1009.1,1.5,75.0,0.0,partlycloudy_night,Buon Ma Thuot
2025-06-06 21:00:00+00:00,27.1,94.6,1004.0,3.1,75.0,0.0,partlycloudy_night,Hanoi
2025-06-06 21:00:00+00:00,25.5,93.9,1005.9,3.2,94.5,0.0,cloudy,Lang Son
2025-06-06 22:00:00+00:00,28.0,88.5,1004.9,5.3,76.6,0.0,partlycloudy_day,Haiphong
2025-06-06 22:00:00+00:00,25.4,94.0,1008.4,2.8,100.0,0.0,cloudy,Ca Mau
2025-06-06 22:00:00+00:00,26.6,88.2,1007.0,2.2,87.5,0.0,partlycloudy_day,Nha Trang
2025-06-06 22:00:00+00:00,26.3,86.7,1004.7,3.4,0.8,0.0,clearsky_day,Ha Tinh
2025-06-06 22:00:00+00:00,24.1,97.9,1005.2,1.2,100.0,0.0,fog,Lao Cai
2025-06-06 22:00:00+00:00,25.3,95.5,1006.2,3.1,94.5,0.0,cloudy,Lang Son
2025-06-06 22:00:00+00:00,27.1,95.3,1004.3,3.0,44.5,0.0,partlycloudy_day,Hanoi
2025-06-06 22:00:00+00:00,25.8,95.8,1007.8,1.7,94.5,0.0,partlycloudy_day,Ho Chi Minh City
2025-06-06 22:00:00+00:00,22.6,94.8,1008.9,2.1,98.4,0.0,cloudy,Buon Ma Thuot
2025-06-06 22:00:00+00:00,25.4,93.7,1005.7,2.2,5.5,0.0,clearsky_day,Da Nang
2025-06-06 23:00:00+00:00,25.3,95.1,1008.7,2.3,100.0,0.0,cloudy,Ca Mau
2025-06-06 23:00:00+00:00,26.0,90.5,1006.6,2.0,6.2,0.0,clearsky_day,Da Nang
2025-06-06 23:00:00+00:00,27.4,94.4,1005.0,3.3,99.2,0.0,cloudy,Hanoi
2025-06-06 23:00:00+00:00,27.0,85.7,1007.2,2.2,100.0,0.0,partlycloudy_day,Nha Trang
2025-06-06 23:00:00+00:00,28.4,89.0,1005.5,5.2,93.7,0.0,partlycloudy_day,Haiphong
2025-06-06 23:00:00+00:00,26.7,87.8,1005.5,3.1,0.8,0.0,clearsky_day,Ha Tinh
2025-06-06 23:00:00+00:00,26.0,92.4,1006.8,3.7,98.4,0.0,cloudy,Lang Son
2025-06-06 23:00:00+00:00,24.3,97.5,1006.1,0.8,100.0,0.0,cloudy,Lao Cai
2025-06-06 23:00:00+00:00,23.1,93.1,1009.3,2.4,97.7,0.0,partlycloudy_day,Buon Ma Thuot
2025-06-06 23:00:00+00:00,25.8,95.4,1008.8,1.9,100.0,0.0,partlycloudy_day,Ho Chi Minh City
2025-06-07 00:00:00+00:00,28.3,81.8,1006.0,3.1,14.8,0.0,fair_day,Ha Tinh
2025-06-07 00:00:00+00:00,24.8,95.7,1006.5,1.0,100.0,0.0,cloudy,Lao Cai
2025-06-07 00:00:00+00:00,28.1,79.8,1007.2,1.3,0.8,0.0,clearsky_day,Da Nang
2025-06-07 00:00:00+00:00,29.6,83.5,1005.9,5.2,99.2,0.0,cloudy,Haiphong
2025-06-07 00:00:00+00:00,28.6,89.3,1005.4,4.0,88.3,0.0,cloudy,Hanoi
2025-06-07 00:00:00+00:00,27.6,83.3,1007.2,4.2,86.7,0.0,cloudy,Lang Son
2025-06-07 00:00:00+00:00,28.6,78.0,1007.9,2.3,100.0,0.0,partlycloudy_day,Nha Trang
2025-06-07 00:00:00+00:00,26.5,88.7,1009.4,4.8,100.0,0.2,lightrain,Ca Mau
2025-06-07 00:00:00+00:00,24.9,88.1,1010.2,2.9,51.6,0.0,partlycloudy_day,Buon Ma Thuot
2025-06-07 00:00:00+00:00,26.5,90.8,1009.2,2.7,100.0,0.0,cloudy,Ho Chi Minh City
2025-06-07 01:00:00+00:00,26.9,84.6,1010.3,4.3,96.9,0.0,cloudy,Ca Mau
2025-06-07 01:00:00+00:00,25.8,91.1,1006.9,1.0,100.0,0.0,cloudy,Lao Cai
2025-06-07 01:00:00+00:00,30.0,77.0,1006.5,2.8,1.6,0.0,clearsky_day,Ha Tinh
2025-06-07 01:00:00+00:00,26.4,80.4,1010.7,3.3,75.8,0.0,partlycloudy_day,Buon Ma Thuot
2025-06-07 01:00:00+00:00,30.3,69.5,1007.5,1.2,0.0,0.0,clearsky_day,Da Nang
2025-06-07 01:00:00+00:00,30.5,78.6,1006.2,5.6,99.2,0.7,rain,Haiphong
2025-06-07 01:00:00+00:00,30.0,70.9,1008.4,2.5,100.0,0.0,partlycloudy_day,Nha Trang
2025-06-07 01:00:00+00:00,29.9,83.2,1005.7,3.7,89.8,0.0,cloudy,Hanoi
2025-06-07 01:00:00+00:00,27.8,85.0,1009.1,2.9,100.0,0.0,cloudy,Ho Chi Minh City
2025-06-07 01:00:00+00:00,28.9,76.9,1007.2,4.3,89.1,0.0,cloudy,Lang Son
2025-06-07 02:00:00+00:00,31.3,75.2,1005.5,3.3,96.9,0.0,cloudy,Hanoi
2025-06-07 02:00:00+00:00,27.7,74.6,1010.2,2.9,59.4,0.0,partlycloudy_day,Buon Ma Thuot
2025-06-07 02:00:00+00:00,32.4,59.0,1007.9,1.5,4.7,0.0,clearsky_day,Da Nang
2025-06-07 02:00:00+00:00,31.0,66.5,1008.1,1.8,100.0,0.0,partlycloudy_day,Nha Trang
2025-06-07 02:00:00+00:00,31.3,71.7,1006.5,2.3,47.7,0.0,partlycloudy_day,Ha Tinh
2025-06-07 02:00:00+00:00,26.9,85.6,1006.5,1.8,100.0,0.0,cloudy,Lao Cai
2025-06-07 02:00:00+00:00,28.5,81.3,1009.6,3.5,100.0,0.0,cloudy,Ho Chi Minh City
2025-06-07 02:00:00+00:00,30.2,80.2,1006.2,6.3,96.9,0.5,rain,Haiphong
2025-06-07 02:00:00+00:00,28.4,77.9,1010.3,4.4,100.0,0.2,lightrain,Ca Mau
2025-06-07 02:00:00+00:00,30.0,72.8,1007.0,4.3,86.7,0.0,cloudy,Lang Son
2025-06-07 03:00:00+00:00,31.0,68.4,1006.7,4.1,28.9,0.2,lightrainshowers_day,Lang Son
2025-06-07 03:00:00+00:00,32.3,70.1,1005.3,3.1,94.5,0.1,lightrain,Hanoi
2025-06-07 03:00:00+00:00,28.8,69.7,1009.8,3.0,85.9,0.0,partlycloudy_day,Buon Ma Thuot
2025-06-07 03:00:00+00:00,33.9,53.4,1007.5,1.4,13.3,0.0,fair_day,Da Nang
2025-06-07 03:00:00+00:00,31.7,63.2,1007.3,2.1,100.0,0.0,partlycloudy_day,Nha Trang
2025-06-07 03:00:00+00:00,29.3,77.5,1010.1,5.0,100.0,0.6,rain,Ca Mau
2025-06-07 03:00:00+00:00,27.9,82.3,1006.0,1.6,100.0,0.0,cloudy,Lao Cai
2025-06-07 03:00:00+00:00,30.7,81.3,1006.1,6.7,87.5,0.3,rain,Haiphong
2025-06-07 03:00:00+00:00,29.8,77.5,1009.3,3.6,100.0,0.2,lightrain,Ho Chi Minh City
2025-06-07 03:00:00+00:00,32.2,69.5,1006.2,2.4,80.5,0.0,partlycloudy_day,Ha Tinh
2025-06-07 04:00:00+00:00,32.9,68.8,1005.5,3.6,89.1,0.0,partlycloudy_day,Ha Tinh
2025-06-07 04:00:00+00:00,29.0,78.7,1004.9,1.7,100.0,0.0,cloudy,Lao Cai
2025-06-07 04:00:00+00:00,32.5,60.6,1007.1,3.8,100.0,0.0,partlycloudy_day,Nha Trang
2025-06-07 04:00:00+00:00,31.6,76.5,1005.6,6.4,56.2,0.4,rainshowers_day,Haiphong
2025-06-07 04:00:00+00:00,32.8,69.1,1004.7,3.3,56.2,0.3,rainshowers_day,Hanoi
2025-06-07 04:00:00+00:00,31.9,67.6,1006.1,4.3,38.3,0.0,partlycloudy_day,Lang Son
2025-06-07 04:00:00+00:00,30.5,74.0,1008.6,2.9,96.1,0.1,lightrain,Ho Chi Minh City
2025-06-07 04:00:00+00:00,35.0,50.6,1006.5,3.2,6.2,0.0,clearsky_day,Da Nang
2025-06-07 04:00:00+00:00,29.7,66.0,1009.1,3.2,45.3,0.1,lightrainshowers_day,Buon Ma Thuot
2025-06-07 04:00:00+00:00,29.7,72.6,1009.5,4.6,100.0,0.3,rain,Ca Mau
2025-06-07 05:00:00+00:00,33.1,67.8,1004.2,3.5,74.2,0.5,rainshowers_day,Hanoi
2025-06-07 05:00:00+00:00,32.6,64.8,1005.4,4.1,84.4,0.0,partlycloudy_day,Lang Son
2025-06-07 05:00:00+00:00,31.8,74.8,1005.1,6.1,25.0,0.2,lightrainshowers_day,Haiphong
2025-06-07 05:00:00+00:00,31.2,71.6,1007.8,2.7,49.2,0.2,lightrainshowers_day,Ho Chi Minh City
2025-06-07 05:00:00+00:00,33.2,70.0,1004.9,4.2,53.1,0.0,partlycloudy_day,Ha Tinh
2025-06-07 05:00:00+00:00,32.0,63.1,1006.8,4.4,100.0,0.0,cloudy,Nha Trang
2025-06-07 05:00:00+00:00,35.4,50.2,1005.8,4.0,59.4,0.0,partlycloudy_day,Da Nang
2025-06-07 05:00:00+00:00,30.4,72.6,1004.0,1.7,86.7,0.0,partlycloudy_day,Lao Cai
2025-06-07 05:00:00+00:00,30.2,63.8,1008.2,3.5,48.4,1.7,heavyrainshowers_day,Buon Ma Thuot
2025-06-07 05:00:00+00:00,29.9,73.6,1008.6,4.6,100.0,6.3,heavyrainshowers_day,Ca Mau
2025-06-07 06:00:00+00:00,27.3,81.9,1009.4,7.1,100.0,1.5,heavyrain,Ca Mau
2025-06-07 06:00:00+00:00,31.7,67.2,1002.8,2.0,58.6,0.0,partlycloudy_day,Lao Cai
2025-06-07 06:00:00+00:00,35.2,50.7,1005.0,4.7,65.6,0.0,partlycloudy_day,Da Nang
2025-06-07 06:00:00+00:00,33.4,70.0,1004.1,4.7,93.7,0.0,cloudy,Ha Tinh
2025-06-07 06:00:00+00:00,28.6,73.8,1007.6,4.3,60.2,2.7,heavyrainshowers_day,Buon Ma Thuot
2025-06-07 06:00:00+00:00,31.8,73.7,1004.1,5.7,19.5,0.0,fair_day,Haiphong
2025-06-07 06:00:00+00:00,32.0,65.7,1006.0,4.4,100.0,0.0,cloudy,Nha Trang
2025-06-07 06:00:00+00:00,32.7,72.7,1003.4,3.8,64.8,0.0,partlycloudy_day,Hanoi
2025-06-07 06:00:00+00:00,32.4,63.5,1004.6,4.3,41.4,0.3,rainshowers_day,Lang Son
2025-06-07 06:00:00+00:00,31.8,68.7,1006.9,3.2,100.0,0.8,rain,Ho Chi Minh City
2025-06-07 07:00:00+00:00,32.6,64.4,1001.6,2.3,10.9,0.0,clearsky_day,Lao Cai
2025-06-07 07:00:00+00:00,33.0,71.2,1003.3,4.3,21.9,0.0,fair_day,Ha Tinh
2025-06-07 07:00:00+00:00,31.2,67.8,1005.6,3.3,100.0,4.6,heavyrain,Ho Chi Minh City
2025-06-07 07:00:00+00:00,31.7,68.8,1005.1,4.5,100.0,0.0,partlycloudy_day,Nha Trang
2025-06-07 07:00:00+00:00,31.6,74.8,1003.2,5.9,9.4,0.0,clearsky_day,Haiphong
2025-06-07 07:00:00+00:00,34.7,52.1,1004.2,4.9,99.2,0.0,partlycloudy_day,Da Nang
2025-06-07 07:00:00+00:00,27.3,85.0,1007.9,3.5,100.0,0.2,lightrain,Ca Mau
2025-06-07 07:00:00+00:00,33.4,69.4,1002.4,3.2,35.9,0.0,fair_day,Hanoi
2025-06-07 07:00:00+00:00,27.7,79.3,1007.2,3.3,92.2,0.1,lightrain,Buon Ma Thuot
2025-06-07 07:00:00+00:00,32.1,64.1,1003.8,4.6,55.5,0.2,lightrainshowers_day,Lang Son
2025-06-07 08:00:00+00:00,28.4,79.3,1005.8,5.0,100.0,14.2,heavyrain,Ho Chi Minh City
2025-06-07 08:00:00+00:00,31.6,68.9,1003.2,4.3,43.7,0.5,rainshowers_day,Lang Son
2025-06-07 08:00:00+00:00,27.4,83.0,1007.1,5.0,100.0,0.1,lightrain,Ca Mau
2025-06-07 08:00:00+00:00,33.9,66.7,1001.6,3.0,18.7,0.0,fair_day,Hanoi
2025-06-07 08:00:00+00:00,32.9,63.4,1000.4,2.7,11.7,0.0,clearsky_day,Lao Cai
2025-06-07 08:00:00+00:00,31.4,74.8,1002.7,5.4,4.7,0.0,clearsky_day,Haiphong
2025-06-07 08:00:00+00:00,32.7,71.3,1002.4,4.2,26.6,0.0,fair_day,Ha Tinh
2025-06-07 08:00:00+00:00,27.6,79.0,1005.7,1.5,94.5,0.2,lightrain,Buon Ma Thuot
2025-06-07 08:00:00+00:00,34.0,55.5,1003.7,4.7,98.4,0.0,partlycloudy_day,Da Nang
2025-06-07 08:00:00+00:00,30.9,71.1,1005.1,6.3,94.5,0.4,rain,Nha Trang
2025-06-07 09:00:00+00:00,30.2,72.0,1004.9,3.7,82.0,0.1,lightrainshowers_day,Nha Trang
2025-06-07 09:00:00+00:00,32.6,71.7,1001.7,4.6,14.1,0.0,fair_day,Ha Tinh
2025-06-07 09:00:00+00:00,26.7,85.0,1006.5,4.5,100.0,0.7,rain,Ho Chi Minh City
2025-06-07 09:00:00+00:00,31.2,70.8,1002.4,4.2,54.7,0.3,rainshowers_day,Lang Son
2025-06-07 09:00:00+00:00,27.3,77.4,1006.2,2.2,89.8,0.0,cloudy,Buon Ma Thuot
2025-06-07 09:00:00+00:00,33.8,66.2,1000.8,3.2,21.1,0.0,fair_day,Hanoi
2025-06-07 09:00:00+00:00,30.9,76.9,1002.1,5.0,6.2,0.0,clearsky_day,Haiphong
2025-06-07 09:00:00+00:00,33.0,58.6,1003.1,4.2,83.6,0.0,partlycloudy_day,Da Nang
2025-06-07 09:00:00+00:00,27.8,80.9,1006.6,4.8,100.0,0.0,partlycloudy_day,Ca Mau
2025-06-07 09:00:00+00:00,32.7,65.5,999.7,3.1,20.3,0.0,fair_day,Lao Cai
2025-06-07 10:00:00+00:00,30.3,77.0,1002.4,3.9,36.7,0.0,fair_day,Lang Son
2025-06-07 10:00:00+00:00,30.1,81.3,1001.8,5.3,3.9,0.0,clearsky_day,Haiphong
2025-06-07 10:00:00+00:00,26.7,81.3,1006.1,2.0,100.0,0.0,cloudy,Buon Ma Thuot
2025-06-07 10:00:00+00:00,31.8,63.8,1003.2,3.7,71.9,0.0,partlycloudy_day,Da Nang
2025-06-07 10:00:00+00:00,31.7,75.8,1001.4,5.0,9.4,0.0,clearsky_day,Ha Tinh
2025-06-07 10:00:00+00:00,26.2,89.0,1006.7,1.7,100.0,0.8,rain,Ho Chi Minh City
2025-06-07 10:00:00+00:00,27.9,81.0,1006.8,4.3,100.0,1.7,heavyrainshowers_day,Ca Mau
2025-06-07 10:00:00+00:00,28.5,78.1,1005.3,3.1,60.2,0.0,partlycloudy_day,Nha Trang
2025-06-07 10:00:00+00:00,33.1,70.3,1000.7,3.8,28.9,0.0,fair_day,Hanoi
2025-06-07 10:00:00+00:00,32.1,70.7,999.5,3.0,26.6,0.0,fair_day,Lao Cai
2025-06-07 11:00:00+00:00,25.9,87.6,1007.1,1.9,97.7,0.0,cloudy,Buon Ma Thuot
2025-06-07 11:00:00+00:00,25.6,89.3,1008.5,5.2,100.0,0.2,lightrain,Ca Mau
2025-06-07 11:00:00+00:00,26.1,92.1,1006.8,1.5,100.0,0.8,rain,Ho Chi Minh City
2025-06-07 11:00:00+00:00,29.4,78.9,1002.7,3.7,22.7,0.0,fair_day,Lang Son
2025-06-07 11:00:00+00:00,30.6,83.9,1001.6,5.2,6.2,0.0,clearsky_day,Ha Tinh
2025-06-07 11:00:00+00:00,27.8,79.7,1006.2,4.4,51.6,0.0,partlycloudy_night,Nha Trang
2025-06-07 11:00:00+00:00,30.9,79.8,999.9,2.0,50.8,0.0,partlycloudy_day,Lao Cai
2025-06-07 11:00:00+00:00,31.7,77.4,1001.0,3.8,10.9,0.0,clearsky_day,Hanoi
2025-06-07 11:00:00+00:00,30.8,68.9,1004.0,3.0,5.5,0.0,clearsky_night,Da Nang
2025-06-07 11:00:00+00:00,29.3,85.8,1002.1,5.1,3.9,0.0,clearsky_day,Haiphong
2025-06-07 12:00:00+00:00,30.3,82.5,1001.5,4.0,1.6,0.0,clearsky_night,Hanoi
2025-06-07 12:00:00+00:00,25.2,93.0,1008.9,3.7,100.0,0.5,rain,Ca Mau
2025-06-07 12:00:00+00:00,27.7,80.8,1006.7,3.0,68.7,0.0,partlycloudy_night,Nha Trang
2025-06-07 12:00:00+00:00,26.2,94.1,1008.3,1.0,100.0,0.6,rain,Ho Chi Minh City
2025-06-07 12:00:00+00:00,30.1,80.5,1000.7,1.4,59.4,0.0,partlycloudy_night,Lao Cai
2025-06-07 12:00:00+00:00,25.3,90.8,1008.0,2.2,99.2,4.8,heavyrain,Buon Ma Thuot
2025-06-07 12:00:00+00:00,30.2,74.1,1004.9,3.8,3.1,0.0,clearsky_night,Da Nang
2025-06-07 12:00:00+00:00,28.6,89.4,1002.5,4.6,3.9,0.0,clearsky_night,Haiphong
2025-06-07 12:00:00+00:00,28.3,82.9,1003.5,3.5,8.6,0.0,clearsky_night,Lang Son
2025-06-07 12:00:00+00:00,29.6,89.2,1002.3,5.1,9.4,0.0,clearsky_night,Ha Tinh
2025-06-07 13:00:00+00:00,27.3,87.9,1004.5,3.4,3.9,0.0,clearsky_night,Lang Son
2025-06-07 13:00:00+00:00,23.9,94.3,1010.0,3.6,100.0,4.4,heavyrain,Buon Ma Thuot
2025-06-07 13:00:00+00:00,30.0,79.0,1001.8,1.8,59.4,0.3,rainshowers_night,Lao Cai
2025-06-07 13:00:00+00:00,25.2,95.3,1009.4,2.6,100.0,0.3,rain,Ca Mau
2025-06-07 13:00:00+00:00,28.4,90.7,1003.3,4.6,2.3,0.0,clearsky_night,Haiphong
2025-06-07 13:00:00+00:00,29.9,78.2,1005.5,4.5,6.2,0.0,clearsky_night,Da Nang
2025-06-07 13:00:00+00:00,27.5,84.1,1007.5,2.9,89.8,0.0,cloudy,Nha Trang
2025-06-07 13:00:00+00:00,29.6,84.7,1002.5,4.3,0.8,0.0,clearsky_night,Hanoi
2025-06-07 13:00:00+00:00,26.0,96.6,1008.9,1.8,100.0,1.6,heavyrain,Ho Chi Minh City
2025-06-07 13:00:00+00:00,29.7,85.7,1003.2,5.6,0.8,0.0,clearsky_night,Ha Tinh
2025-06-07 14:00:00+00:00,23.5,97.3,1010.1,3.4,100.0,0.4,rain,Buon Ma Thuot
2025-06-07 14:00:00+00:00,28.9,82.2,1003.2,2.5,87.5,1.9,heavyrain,Lao Cai
2025-06-07 14:00:00+00:00,28.9,86.2,1003.9,3.6,7.0,0.0,clearsky_night,Hanoi
2025-06-07 14:00:00+00:00,25.2,96.3,1009.8,3.2,100.0,0.7,rain,Ho Chi Minh City
2025-06-07 14:00:00+00:00,26.5,91.8,1005.7,3.3,3.9,0.0,clearsky_night,Lang Son
2025-06-07 14:00:00+00:00,27.3,87.2,1008.3,3.5,98.4,0.0,cloudy,Nha Trang
2025-06-07 14:00:00+00:00,25.4,95.7,1010.1,1.9,97.7,0.1,lightrain,Ca Mau
2025-06-07 14:00:00+00:00,29.4,79.9,1004.1,5.1,0.8,0.0,clearsky_night,Ha Tinh
2025-06-07 14:00:00+00:00,28.3,91.3,1004.6,4.6,0.8,0.0,clearsky_night,Haiphong
2025-06-07 14:00:00+00:00,29.5,78.2,1006.8,5.2,14.8,0.0,fair_night,Da Nang
2025-06-07 15:00:00+00:00,27.1,88.1,1008.1,3.2,16.4,0.0,fair_night,Nha Trang
2025-06-07 15:00:00+00:00,28.4,87.4,1004.9,3.6,8.6,0.0,clearsky_night,Hanoi
2025-06-07 15:00:00+00:00,28.8,79.2,1007.4,4.1,7.0,0.0,clearsky_night,Da Nang
2025-06-07 15:00:00+00:00,28.3,92.0,1005.4,4.7,2.3,0.0,clearsky_night,Haiphong
2025-06-07 15:00:00+00:00,27.8,84.3,1004.5,1.3,93.7,2.7,heavyrain,Lao Cai
2025-06-07 15:00:00+00:00,26.0,94.4,1006.4,3.5,7.8,0.0,clearsky_night,Lang Son
2025-06-07 15:00:00+00:00,29.2,80.1,1004.8,5.1,2.3,0.0,clearsky_night,Ha Tinh
2025-06-07 15:00:00+00:00,25.0,95.2,1009.5,2.5,100.0,0.0,cloudy,Ho Chi Minh City
2025-06-07 15:00:00+00:00,23.2,96.7,1009.9,3.7,100.0,0.2,lightrain,Buon Ma Thuot
2025-06-07 15:00:00+00:00,25.5,95.3,1010.4,2.7,99.2,0.0,cloudy,Ca Mau
2025-06-07 16:00:00+00:00,28.0,89.0,1004.8,3.4,73.4,10.0,heavyrainshowers_night,Hanoi
2025-06-07 16:00:00+00:00,23.4,93.9,1009.8,1.3,61.7,0.0,partlycloudy_night,Buon Ma Thuot
2025-06-07 16:00:00+00:00,25.5,94.7,1009.9,2.0,100.0,0.0,cloudy,Ca Mau
2025-06-07 16:00:00+00:00,26.8,84.1,1007.4,3.3,3.1,0.0,clearsky_night,Nha Trang
2025-06-07 16:00:00+00:00,28.2,92.3,1005.4,5.0,1.6,0.0,clearsky_night,Haiphong
2025-06-07 16:00:00+00:00,25.6,96.4,1006.5,3.6,10.2,0.0,clearsky_night,Lang Son
2025-06-07 16:00:00+00:00,29.1,78.9,1005.0,5.1,85.9,0.0,partlycloudy_night,Ha Tinh
2025-06-07 16:00:00+00:00,27.8,80.8,1006.7,2.5,15.6,0.0,fair_night,Da Nang
2025-06-07 16:00:00+00:00,26.9,88.3,1005.2,1.5,100.0,0.7,rain,Lao Cai
2025-06-07 16:00:00+00:00,24.8,95.7,1009.8,2.4,100.0,0.2,lightrain,Ho Chi Minh City
2025-06-07 17:00:00+00:00,26.1,92.3,1005.2,0.9,100.0,0.0,cloudy,Lao Cai
2025-06-07 17:00:00+00:00,25.4,97.5,1005.5,4.1,57.0,0.0,partlycloudy_night,Lang Son
2025-06-07 17:00:00+00:00,27.1,83.2,1006.7,2.7,9.4,0.0,clearsky_night,Da Nang
2025-06-07 17:00:00+00:00,29.1,76.1,1004.7,4.8,78.9,0.0,partlycloudy_night,Ha Tinh
2025-06-07 17:00:00+00:00,26.4,85.7,1006.8,2.0,32.0,0.0,fair_night,Nha Trang
2025-06-07 17:00:00+00:00,25.6,94.5,1008.9,2.5,99.2,0.0,partlycloudy_night,Ca Mau
2025-06-07 17:00:00+00:00,24.5,97.0,1009.2,2.0,100.0,0.0,cloudy,Ho Chi Minh City
2025-06-07 17:00:00+00:00,23.0,94.1,1009.2,3.0,88.3,0.0,partlycloudy_night,Buon Ma Thuot
2025-06-07 17:00:00+00:00,26.3,94.7,1005.2,3.7,100.0,2.7,heavyrain,Hanoi
2025-06-07 17:00:00+00:00,28.1,92.5,1005.1,5.4,7.8,0.0,clearsky_night,Haiphong
2025-06-07 18:00:00+00:00,25.3,97.7,1005.5,4.1,86.7,0.0,cloudy,Lang Son
2025-06-07 18:00:00+00:00,28.1,91.9,1004.7,5.3,57.8,0.0,partlycloudy_night,Haiphong
2025-06-07 18:00:00+00:00,26.6,85.1,1005.4,2.4,1.6,0.0,clearsky_night,Da Nang
2025-06-07 18:00:00+00:00,26.3,90.0,1006.2,3.8,0.8,0.0,clearsky_night,Nha Trang
2025-06-07 18:00:00+00:00,24.7,95.2,1007.9,1.3,92.2,0.0,partlycloudy_night,Ho Chi Minh City
2025-06-07 18:00:00+00:00,22.9,95.2,1008.8,2.5,93.0,0.0,cloudy,Buon Ma Thuot
2025-06-07 18:00:00+00:00,26.5,94.6,1004.1,3.1,100.0,4.5,heavyrainshowers_night,Hanoi
2025-06-07 18:00:00+00:00,28.3,79.5,1003.5,3.8,64.8,0.0,partlycloudy_night,Ha Tinh
2025-06-07 18:00:00+00:00,25.7,93.5,1004.2,1.3,100.0,0.0,cloudy,Lao Cai
2025-06-07 18:00:00+00:00,25.3,95.7,1008.1,3.1,100.0,0.1,lightrainshowers_night,Ca Mau
2025-06-07 19:00:00+00:00,22.9,94.1,1007.8,0.9,100.0,0.0,cloudy,Buon Ma Thuot
2025-06-07 19:00:00+00:00,26.0,90.5,1005.4,2.9,2.3,0.0,clearsky_night,Nha Trang
2025-06-07 19:00:00+00:00,28.0,79.8,1003.5,5.1,75.8,0.0,partlycloudy_night,Ha Tinh
2025-06-07 19:00:00+00:00,26.2,87.7,1004.1,1.7,0.0,0.0,clearsky_night,Da Nang
2025-06-07 19:00:00+00:00,25.2,98.0,1005.2,3.7,95.3,0.0,cloudy,Lang Son
2025-06-07 19:00:00+00:00,25.4,94.6,1003.6,1.2,100.0,0.0,cloudy,Lao Cai
2025-06-07 19:00:00+00:00,26.3,97.5,1004.0,3.3,100.0,0.1,lightrain,Hanoi
2025-06-07 19:00:00+00:00,24.5,96.3,1006.8,1.5,99.2,0.0,cloudy,Ho Chi Minh City
2025-06-07 19:00:00+00:00,28.2,91.1,1003.8,5.9,23.4,0.0,fair_night,Haiphong
2025-06-07 19:00:00+00:00,25.2,95.3,1007.2,3.0,100.0,0.0,cloudy,Ca Mau
2025-06-07 20:00:00+00:00,26.9,94.7,1003.2,2.6,96.9,0.1,lightrain,Hanoi
2025-06-07 20:00:00+00:00,24.6,96.5,1006.7,1.8,39.8,0.0,partlycloudy_night,Ho Chi Minh City
2025-06-07 20:00:00+00:00,27.8,78.0,1003.4,4.7,87.5,0.0,partlycloudy_night,Ha Tinh
2025-06-07 20:00:00+00:00,25.9,91.1,1004.6,2.0,6.2,0.0,clearsky_night,Nha Trang
2025-06-07 20:00:00+00:00,25.0,96.2,1007.0,3.1,99.2,0.7,rainshowers_night,Ca Mau
2025-06-07 20:00:00+00:00,23.3,93.0,1007.4,0.7,21.1,0.0,fair_night,Buon Ma Thuot
2025-06-07 20:00:00+00:00,28.1,90.7,1003.5,5.5,96.1,0.0,partlycloudy_night,Haiphong
2025-06-07 20:00:00+00:00,25.2,95.0,1003.9,1.2,100.0,0.0,cloudy,Lao Cai
2025-06-07 20:00:00+00:00,25.1,97.1,1004.4,3.7,96.1,0.0,cloudy,Lang Son
2025-06-07 20:00:00+00:00,25.9,88.5,1003.9,2.5,57.8,0.0,partlycloudy_night,Da Nang
2025-06-07 21:00:00+00:00,28.3,89.4,1003.4,6.6,92.2,0.3,rainshowers_night,Haiphong
2025-06-07 21:00:00+00:00,24.5,97.3,1007.1,2.2,33.6,0.0,fair_night,Ho Chi Minh City
2025-06-07 21:00:00+00:00,26.9,95.1,1003.4,2.6,98.4,0.0,partlycloudy_night,Hanoi
2025-06-07 21:00:00+00:00,23.0,93.4,1007.8,1.1,40.6,0.0,partlycloudy_night,Buon Ma Thuot
2025-06-07 21:00:00+00:00,24.7,96.5,1004.0,1.2,100.0,0.0,cloudy,Lao Cai
2025-06-07 21:00:00+00:00,27.5,77.1,1003.2,3.8,99.2,0.0,partlycloudy_night,Ha Tinh
2025-06-07 21:00:00+00:00,25.9,90.6,1005.1,1.9,28.9,0.0,fair_night,Nha Trang
2025-06-07 21:00:00+00:00,25.1,96.6,1005.3,3.0,100.0,0.0,cloudy,Lang Son
2025-06-07 21:00:00+00:00,24.9,94.6,1008.0,5.0,100.0,1.8,heavyrain,Ca Mau
2025-06-07 21:00:00+00:00,25.7,90.2,1004.2,2.2,68.0,0.0,partlycloudy_night,Da Nang
2025-06-07 22:00:00+00:00,25.7,89.9,1005.7,2.7,42.2,0.0,partlycloudy_day,Nha Trang
2025-06-07 22:00:00+00:00,23.2,93.5,1008.5,0.8,64.1,0.0,partlycloudy_day,Buon Ma Thuot
2025-06-07 22:00:00+00:00,27.8,90.3,1004.3,5.9,93.7,0.0,cloudy,Haiphong
2025-06-07 22:00:00+00:00,24.6,97.7,1007.5,2.3,28.9,0.0,fair_night,Ho Chi Minh City
2025-06-07 22:00:00+00:00,24.4,95.9,1008.0,4.0,100.0,0.5,rain,Ca Mau
2025-06-07 22:00:00+00:00,24.6,97.2,1004.8,0.7,100.0,0.0,cloudy,Lao Cai
2025-06-07 22:00:00+00:00,25.1,97.1,1005.8,2.5,100.0,0.0,cloudy,Lang Son
2025-06-07 22:00:00+00:00,25.6,91.3,1004.9,1.6,82.8,0.0,partlycloudy_day,Da Nang
2025-06-07 22:00:00+00:00,26.8,96.0,1003.8,1.7,96.9,0.0,cloudy,Hanoi
2025-06-07 22:00:00+00:00,27.1,78.1,1003.7,3.9,98.4,0.0,partlycloudy_day,Ha Tinh
2025-06-07 23:00:00+00:00,28.4,88.5,1004.2,5.8,88.3,0.3,rain,Haiphong
2025-06-07 23:00:00+00:00,26.3,87.1,1005.1,1.9,85.2,0.0,partlycloudy_day,Da Nang
2025-06-07 23:00:00+00:00,25.9,93.9,1006.4,2.4,100.0,0.0,cloudy,Lang Son
2025-06-07 23:00:00+00:00,24.5,96.5,1007.6,2.3,100.0,0.9,rainshowers_day,Ca Mau
2025-06-07 23:00:00+00:00,27.2,95.9,1004.1,1.8,99.2,0.1,lightrain,Hanoi
2025-06-07 23:00:00+00:00,23.6,93.6,1008.9,1.5,21.9,0.0,fair_day,Buon Ma Thuot
2025-06-07 23:00:00+00:00,24.7,96.5,1005.3,1.3,100.0,0.0,cloudy,Lao Cai
2025-06-07 23:00:00+00:00,24.9,96.2,1007.7,2.6,100.0,0.0,cloudy,Ho Chi Minh City
2025-06-07 23:00:00+00:00,27.3,78.9,1004.0,3.9,95.3,0.0,partlycloudy_day,Ha Tinh
2025-06-07 23:00:00+00:00,26.2,85.4,1006.2,2.9,99.2,0.0,partlycloudy_day,Nha Trang
2025-06-08 00:00:00+00:00,25.5,93.8,1008.1,2.5,100.0,0.0,cloudy,Ho Chi Minh City
2025-06-08 00:00:00+00:00,28.5,74.7,1003.9,3.5,98.4,0.0,partlycloudy_day,Ha Tinh
2025-06-08 00:00:00+00:00,25.5,92.8,1009.4,5.4,100.0,0.6,rain,Ca Mau
2025-06-08 00:00:00+00:00,24.8,96.9,1005.8,0.9,100.0,0.0,cloudy,Lao Cai
2025-06-08 00:00:00+00:00,27.3,85.6,1006.2,3.7,100.0,0.1,lightrain,Lang Son
2025-06-08 00:00:00+00:00,29.3,82.9,1004.8,5.8,99.2,0.5,rain,Haiphong
2025-06-08 00:00:00+00:00,24.4,91.5,1009.0,2.0,46.9,0.0,partlycloudy_day,Buon Ma Thuot
2025-06-08 00:00:00+00:00,28.2,92.0,1004.5,2.6,100.0,1.4,heavyrain,Hanoi
2025-06-08 00:00:00+00:00,28.6,75.4,1005.8,1.0,96.1,0.0,partlycloudy_day,Da Nang
2025-06-08 00:00:00+00:00,27.9,75.4,1006.6,2.5,93.0,0.0,partlycloudy_day,Nha Trang
2025-06-08 01:00:00+00:00,31.0,65.4,1005.9,0.9,86.7,0.0,partlycloudy_day,Da Nang
2025-06-08 01:00:00+00:00,28.9,77.9,1006.3,3.6,100.0,0.0,cloudy,Lang Son
2025-06-08 01:00:00+00:00,26.3,91.4,1008.9,2.9,100.0,0.2,lightrain,Ho Chi Minh City
2025-06-08 01:00:00+00:00,30.1,71.3,1004.7,3.2,90.6,0.0,partlycloudy_day,Ha Tinh
2025-06-08 01:00:00+00:00,29.8,66.5,1006.7,2.0,86.7,0.0,partlycloudy_day,Nha Trang
2025-06-08 01:00:00+00:00,29.7,85.5,1005.0,5.1,99.2,0.6,rain,Haiphong
2025-06-08 01:00:00+00:00,28.6,88.6,1005.1,2.9,100.0,0.0,cloudy,Hanoi
2025-06-08 01:00:00+00:00,25.4,86.6,1009.3,3.2,72.7,0.0,partlycloudy_day,Buon Ma Thuot
2025-06-08 01:00:00+00:00,25.8,90.4,1006.1,1.1,100.0,0.0,cloudy,Lao Cai
2025-06-08 01:00:00+00:00,25.6,90.9,1008.8,4.0,100.0,0.2,lightrain,Ca Mau
2025-06-08 02:00:00+00:00,30.0,73.4,1005.7,3.8,100.0,0.0,cloudy,Lang Son
2025-06-08 02:00:00+00:00,26.6,82.8,1009.7,3.7,93.0,0.0,cloudy,Buon Ma Thuot
2025-06-08 02:00:00+00:00,31.4,68.8,1005.0,3.3,79.7,0.0,partlycloudy_day,Ha Tinh
2025-06-08 02:00:00+00:00,27.5,84.5,1009.3,4.1,100.0,0.1,lightrain,Ho Chi Minh City
2025-06-08 02:00:00+00:00,30.6,81.3,1005.1,5.4,99.2,0.0,cloudy,Haiphong
2025-06-08 02:00:00+00:00,27.1,85.3,1009.3,4.0,100.0,1.7,heavyrain,Ca Mau
2025-06-08 02:00:00+00:00,29.4,86.6,1004.7,1.8,100.0,0.2,lightrain,Hanoi
2025-06-08 02:00:00+00:00,33.0,55.7,1005.7,1.3,52.3,0.0,partlycloudy_day,Da Nang
2025-06-08 02:00:00+00:00,26.7,87.2,1005.9,1.5,100.0,0.0,cloudy,Lao Cai
2025-06-08 02:00:00+00:00,31.2,60.9,1006.8,1.0,94.5,0.0,partlycloudy_day,Nha Trang
2025-06-08 03:00:00+00:00,28.4,72.1,1009.1,4.3,98.4,1.0,heavyrain,Buon Ma Thuot
2025-06-08 03:00:00+00:00,31.4,69.4,1005.8,3.4,99.2,0.0,cloudy,Lang Son
2025-06-08 03:00:00+00:00,32.3,68.9,1004.8,2.4,71.1,0.0,partlycloudy_day,Ha Tinh
2025-06-08 03:00:00+00:00,34.6,51.1,1005.7,2.0,38.3,0.0,partlycloudy_day,Da Nang
2025-06-08 03:00:00+00:00,32.2,58.0,1006.6,2.2,94.5,0.0,partlycloudy_day,Nha Trang
2025-06-08 03:00:00+00:00,27.6,83.2,1005.5,1.9,100.0,0.0,cloudy,Lao Cai
2025-06-08 03:00:00+00:00,31.0,80.1,1004.6,1.4,100.0,0.8,rain,Hanoi
2025-06-08 03:00:00+00:00,27.5,82.4,1009.8,5.5,100.0,1.0,heavyrain,Ca Mau
2025-06-08 03:00:00+00:00,28.8,78.1,1008.3,3.0,69.5,0.2,lightrainshowers_day,Ho Chi Minh City
2025-06-08 03:00:00+00:00,31.5,79.0,1004.7,5.2,100.0,0.2,lightrain,Haiphong
2025-06-08 04:00:00+00:00,32.7,57.4,1005.9,3.7,98.4,0.0,partlycloudy_day,Nha Trang
2025-06-08 04:00:00+00:00,33.0,67.6,1004.1,2.6,50.0,0.0,partlycloudy_day,Ha Tinh
2025-06-08 04:00:00+00:00,35.5,49.2,1004.9,3.7,18.0,0.0,fair_day,Da Nang
2025-06-08 04:00:00+00:00,30.6,74.0,1008.1,5.6,100.0,5.2,heavyrain,Ho Chi Minh City
2025-06-08 04:00:00+00:00,31.1,79.6,1004.1,1.7,100.0,1.8,heavyrain,Hanoi
2025-06-08 04:00:00+00:00,28.8,78.9,1004.6,1.6,93.7,0.0,cloudy,Lao Cai
2025-06-08 04:00:00+00:00,31.3,79.1,1004.4,4.8,100.0,0.2,lightrain,Haiphong
2025-06-08 04:00:00+00:00,32.3,66.4,1005.1,3.2,100.0,0.0,cloudy,Lang Son
2025-06-08 04:00:00+00:00,27.7,78.6,1008.4,3.3,47.7,0.1,lightrainshowers_day,Buon Ma Thuot
2025-06-08 04:00:00+00:00,27.6,81.0,1009.2,5.8,100.0,0.4,rain,Ca Mau
2025-06-08 05:00:00+00:00,29.2,72.0,1007.2,3.9,86.7,0.0,cloudy,Buon Ma Thuot
2025-06-08 05:00:00+00:00,27.6,81.2,1008.3,5.4,100.0,0.0,cloudy,Ca Mau
2025-06-08 05:00:00+00:00,31.3,79.0,1003.5,2.2,99.2,0.0,cloudy,Hanoi
2025-06-08 05:00:00+00:00,33.2,63.2,1004.3,3.1,100.0,1.2,heavyrain,Lang Son
2025-06-08 05:00:00+00:00,31.9,76.0,1003.7,4.5,98.4,0.0,cloudy,Haiphong
2025-06-08 05:00:00+00:00,29.8,76.6,1003.2,1.9,84.4,0.0,partlycloudy_day,Lao Cai
2025-06-08 05:00:00+00:00,35.6,50.5,1004.2,5.2,65.6,0.7,rainshowers_day,Da Nang
2025-06-08 05:00:00+00:00,33.1,58.1,1004.9,5.4,29.7,0.0,fair_day,Nha Trang
2025-06-08 05:00:00+00:00,33.6,68.2,1003.5,3.4,22.7,0.0,fair_day,Ha Tinh
2025-06-08 05:00:00+00:00,27.2,84.8,1007.4,3.7,100.0,0.2,lightrain,Ho Chi Minh City
2025-06-08 06:00:00+00:00,33.5,68.7,1002.7,3.7,39.1,0.0,partlycloudy_day,Ha Tinh
2025-06-08 06:00:00+00:00,32.0,75.2,1002.6,5.0,96.1,0.0,cloudy,Haiphong
2025-06-08 06:00:00+00:00,30.1,65.8,1006.3,4.2,99.2,2.6,heavyrain,Buon Ma Thuot
2025-06-08 06:00:00+00:00,27.5,82.8,1007.2,5.2,100.0,0.2,lightrain,Ca Mau
2025-06-08 06:00:00+00:00,31.0,71.3,1001.8,1.8,94.5,0.0,cloudy,Lao Cai
2025-06-08 06:00:00+00:00,27.6,83.5,1006.3,2.4,93.0,0.0,cloudy,Ho Chi Minh City
2025-06-08 06:00:00+00:00,32.4,74.1,1002.3,2.4,100.0,0.0,cloudy,Hanoi
2025-06-08 06:00:00+00:00,31.2,72.0,1003.7,3.9,100.0,0.6,rain,Lang Son
2025-06-08 06:00:00+00:00,34.2,55.5,1003.6,5.6,83.6,0.2,lightrainshowers_day,Da Nang
2025-06-08 06:00:00+00:00,32.8,61.7,1004.7,6.4,51.6,0.2,lightrainshowers_day,Nha Trang
2025-06-08 07:00:00+00:00,32.6,72.8,1001.3,2.7,98.4,0.0,cloudy,Hanoi
2025-06-08 07:00:00+00:00,31.6,77.1,1001.9,5.0,96.1,0.4,rain,Haiphong
2025-06-08 07:00:00+00:00,30.1,75.3,1002.5,2.7,97.7,0.2,lightrainshowers_day,Lang Son
2025-06-08 07:00:00+00:00,31.7,64.5,1004.0,4.1,38.3,0.0,partlycloudy_day,Nha Trang
2025-06-08 07:00:00+00:00,34.7,53.7,1002.7,5.5,38.3,0.0,partlycloudy_day,Da Nang
2025-06-08 07:00:00+00:00,29.6,78.9,1005.5,3.1,64.8,0.8,rainshowers_day,Ho Chi Minh City
2025-06-08 07:00:00+00:00,33.3,68.3,1001.5,4.2,31.2,0.0,fair_day,Ha Tinh
2025-06-08 07:00:00+00:00,29.3,77.3,1006.8,6.2,100.0,1.0,heavyrain,Ca Mau
2025-06-08 07:00:00+00:00,24.9,91.4,1006.7,3.9,86.7,0.2,lightrain,Buon Ma Thuot
2025-06-08 07:00:00+00:00,32.1,66.5,1000.6,1.7,94.5,0.0,cloudy,Lao Cai
2025-06-08 08:00:00+00:00,32.4,69.8,1000.7,4.8,21.9,0.0,fair_day,Ha Tinh
2025-06-08 08:00:00+00:00,32.5,65.0,999.7,2.0,88.3,1.4,heavyrainshowers_day,Lao Cai
2025-06-08 08:00:00+00:00,27.3,84.3,1006.6,6.2,100.0,0.2,lightrain,Ca Mau
2025-06-08 08:00:00+00:00,25.7,85.5,1005.6,2.6,93.7,0.0,cloudy,Buon Ma Thuot
2025-06-08 08:00:00+00:00,31.9,63.6,1003.4,4.1,42.2,0.2,lightrainshowers_day,Nha Trang
2025-06-08 08:00:00+00:00,32.8,71.8,1000.1,2.8,95.3,0.1,lightrain,Hanoi
2025-06-08 08:00:00+00:00,31.0,71.2,1001.8,2.8,99.2,0.0,partlycloudy_day,Lang Son
2025-06-08 08:00:00+00:00,28.3,78.4,1005.5,5.4,99.2,0.8,rain,Ho Chi Minh City
2025-06-08 08:00:00+00:00,33.9,57.1,1002.0,5.1,7.0,2.0,heavyrainshowers_day,Da Nang
2025-06-08 08:00:00+00:00,31.0,78.9,1001.1,5.3,92.2,0.0,cloudy,Haiphong
2025-06-08 09:00:00+00:00,31.8,64.1,1003.3,4.3,61.7,0.0,partlycloudy_day,Nha Trang
2025-06-08 09:00:00+00:00,32.0,71.1,1000.5,4.0,40.6,0.0,partlycloudy_day,Ha Tinh
2025-06-08 09:00:00+00:00,30.7,74.6,1000.2,4.2,94.5,0.0,cloudy,Lao Cai
2025-06-08 09:00:00+00:00,31.2,69.5,1002.0,2.6,96.1,0.0,cloudy,Lang Son
2025-06-08 09:00:00+00:00,32.0,64.6,1002.4,2.5,47.7,0.6,rainshowers_day,Da Nang
2025-06-08 09:00:00+00:00,27.6,82.7,1006.0,4.9,100.0,0.1,lightrain,Ca Mau
2025-06-08 09:00:00+00:00,32.3,74.0,1000.1,3.8,98.4,0.0,cloudy,Hanoi
2025-06-08 09:00:00+00:00,26.5,88.4,1005.4,4.3,94.5,0.0,cloudy,Ho Chi Minh City
2025-06-08 09:00:00+00:00,26.4,82.5,1005.0,2.2,96.1,0.0,cloudy,Buon Ma Thuot
2025-06-08 09:00:00+00:00,30.5,80.4,1000.6,4.8,28.1,0.0,fair_day,Haiphong
2025-06-08 10:00:00+00:00,26.4,81.0,1005.1,2.0,90.6,0.0,cloudy,Buon Ma Thuot
2025-06-08 10:00:00+00:00,30.2,81.6,1001.2,3.7,25.8,0.0,fair_day,Haiphong
2025-06-08 10:00:00+00:00,31.2,67.5,1003.2,3.8,32.0,0.0,fair_day,Nha Trang
2025-06-08 10:00:00+00:00,27.0,86.5,1005.8,3.9,95.3,0.0,cloudy,Ho Chi Minh City
2025-06-08 10:00:00+00:00,30.3,72.6,1002.2,3.3,3.1,0.0,clearsky_day,Da Nang
2025-06-08 10:00:00+00:00,30.7,82.1,1000.6,4.5,69.5,2.1,heavyrainshowers_day,Hanoi
2025-06-08 10:00:00+00:00,27.8,81.4,1006.2,5.0,100.0,0.0,cloudy,Ca Mau
2025-06-08 10:00:00+00:00,29.5,80.0,1000.1,1.6,96.9,0.0,partlycloudy_day,Lao Cai
2025-06-08 10:00:00+00:00,31.8,73.0,1000.6,2.8,31.2,0.0,fair_day,Ha Tinh
2025-06-08 10:00:00+00:00,30.0,73.8,1001.8,2.7,85.2,0.0,partlycloudy_day,Lang Son
2025-06-08 11:00:00+00:00,28.9,83.4,1001.1,2.0,89.8,0.0,cloudy,Lao Cai
2025-06-08 11:00:00+00:00,26.6,88.2,1005.9,2.9,93.0,0.0,cloudy,Ho Chi Minh City
2025-06-08 11:00:00+00:00,25.7,85.7,1006.0,1.9,35.9,0.0,fair_night,Buon Ma Thuot
2025-06-08 11:00:00+00:00,29.9,73.2,1002.9,2.8,12.5,0.0,clearsky_night,Da Nang
2025-06-08 11:00:00+00:00,30.8,79.6,1000.5,3.7,29.7,0.0,fair_day,Ha Tinh
2025-06-08 11:00:00+00:00,27.3,84.3,1006.5,3.3,100.0,0.0,cloudy,Ca Mau
2025-06-08 11:00:00+00:00,30.6,68.8,1003.9,2.8,90.6,0.0,partlycloudy_night,Nha Trang
2025-06-08 11:00:00+00:00,28.5,88.7,1001.6,3.0,61.7,0.0,partlycloudy_day,Hanoi
2025-06-08 11:00:00+00:00,29.4,83.8,1001.3,3.9,4.7,0.0,clearsky_day,Haiphong
2025-06-08 11:00:00+00:00,29.1,79.1,1002.2,2.1,89.8,0.0,partlycloudy_day,Lang Son
2025-06-08 12:00:00+00:00,26.1,90.9,1006.3,2.1,100.0,0.0,cloudy,Ho Chi Minh City
2025-06-08 12:00:00+00:00,30.1,74.7,1004.6,1.9,96.9,0.0,partlycloudy_night,Nha Trang
2025-06-08 12:00:00+00:00,29.4,76.2,1003.5,2.3,11.7,0.0,clearsky_night,Da Nang
2025-06-08 12:00:00+00:00,26.9,86.5,1006.9,2.9,100.0,0.0,cloudy,Ca Mau
2025-06-08 12:00:00+00:00,24.9,90.3,1006.6,2.2,7.8,0.0,clearsky_night,Buon Ma Thuot
2025-06-08 12:00:00+00:00,27.8,91.6,1001.7,1.0,100.0,0.0,partlycloudy_night,Hanoi
2025-06-08 12:00:00+00:00,28.7,87.8,1002.5,3.1,51.6,0.0,partlycloudy_night,Haiphong
2025-06-08 12:00:00+00:00,29.8,84.9,1001.5,3.7,96.1,0.0,partlycloudy_night,Ha Tinh
2025-06-08 12:00:00+00:00,28.2,86.7,1001.9,1.2,99.2,0.0,cloudy,Lao Cai
2025-06-08 12:00:00+00:00,27.9,83.9,1003.4,2.7,98.4,0.0,partlycloudy_night,Lang Son
2025-06-08 13:00:00+00:00,28.6,88.7,1002.8,3.5,87.5,0.0,partlycloudy_night,Haiphong
2025-06-08 13:00:00+00:00,24.7,90.3,1007.6,2.3,21.9,0.0,fair_night,Buon Ma Thuot
2025-06-08 13:00:00+00:00,27.3,88.0,1004.3,2.6,99.2,0.0,partlycloudy_night,Lang Son
2025-06-08 13:00:00+00:00,29.4,77.3,1005.4,2.6,9.4,0.0,clearsky_night,Nha Trang
2025-06-08 13:00:00+00:00,28.8,79.9,1004.5,2.3,25.0,0.0,fair_night,Da Nang
2025-06-08 13:00:00+00:00,27.7,87.4,1002.7,1.1,100.0,0.0,cloudy,Lao Cai
2025-06-08 13:00:00+00:00,26.1,91.3,1007.3,2.4,100.0,0.0,cloudy,Ho Chi Minh City
2025-06-08 13:00:00+00:00,26.7,87.7,1007.6,2.3,100.0,0.0,cloudy,Ca Mau
2025-06-08 13:00:00+00:00,27.5,92.9,1002.7,1.5,100.0,0.0,partlycloudy_night,Hanoi
2025-06-08 13:00:00+00:00,29.3,88.3,1002.7,3.9,100.0,0.0,partlycloudy_night,Ha Tinh
2025-06-08 14:00:00+00:00,26.9,91.3,1005.1,2.5,93.7,0.0,partlycloudy_night,Lang Son
2025-06-08 14:00:00+00:00,28.7,85.4,1005.8,1.6,14.1,0.0,fair_night,Nha Trang
2025-06-08 14:00:00+00:00,28.2,84.3,1005.3,2.6,28.9,0.0,fair_night,Da Nang
2025-06-08 14:00:00+00:00,27.3,94.1,1003.9,0.7,100.0,0.0,cloudy,Hanoi
2025-06-08 14:00:00+00:00,28.4,89.6,1003.8,4.5,77.3,0.0,partlycloudy_night,Haiphong
2025-06-08 14:00:00+00:00,26.0,91.8,1007.9,2.0,100.0,0.0,cloudy,Ho Chi Minh City
2025-06-08 14:00:00+00:00,26.7,87.5,1008.2,2.5,100.0,0.0,cloudy,Ca Mau
2025-06-08 14:00:00+00:00,27.5,87.1,1003.4,0.6,100.0,0.0,cloudy,Lao Cai
2025-06-08 14:00:00+00:00,24.4,91.2,1007.9,2.4,3.9,0.0,clearsky_night,Buon Ma Thuot
2025-06-08 14:00:00+00:00,28.9,90.3,1003.4,4.6,98.4,0.0,partlycloudy_night,Ha Tinh
2025-06-08 15:00:00+00:00,23.8,92.8,1008.6,2.5,13.3,0.0,fair_night,Buon Ma Thuot
2025-06-08 15:00:00+00:00,28.6,87.4,1004.2,3.9,96.1,0.0,partlycloudy_night,Ha Tinh
2025-06-08 15:00:00+00:00,28.2,91.3,1006.2,1.9,11.7,0.0,clearsky_night,Nha Trang
2025-06-08 15:00:00+00:00,27.2,94.3,1004.2,1.3,100.0,0.0,partlycloudy_night,Hanoi
2025-06-08 15:00:00+00:00,26.5,88.7,1008.4,3.0,100.0,0.0,partlycloudy_night,Ca Mau
2025-06-08 15:00:00+00:00,27.2,87.6,1004.4,0.6,100.0,0.0,cloudy,Lao Cai
2025-06-08 15:00:00+00:00,27.8,88.1,1006.0,2.6,1.6,0.0,clearsky_night,Da Nang
2025-06-08 15:00:00+00:00,28.3,90.4,1004.7,3.8,91.4,0.0,cloudy,Haiphong
2025-06-08 15:00:00+00:00,26.5,94.2,1006.0,2.5,98.4,0.0,cloudy,Lang Son
2025-06-08 15:00:00+00:00,25.8,92.9,1008.3,1.7,100.0,0.0,cloudy,Ho Chi Minh City
2025-06-08 16:00:00+00:00,28.3,84.2,1004.0,3.5,36.7,0.0,fair_night,Ha Tinh
2025-06-08 16:00:00+00:00,25.6,94.3,1008.1,1.5,96.9,0.0,cloudy,Ho Chi Minh City
2025-06-08 16:00:00+00:00,27.5,90.9,1005.9,2.5,3.9,0.0,clearsky_night,Da Nang
2025-06-08 16:00:00+00:00,23.5,93.2,1008.6,2.4,14.8,0.0,fair_night,Buon Ma Thuot
2025-06-08 16:00:00+00:00,27.6,94.1,1006.2,2.1,96.9,0.0,partlycloudy_night,Nha Trang
2025-06-08 16:00:00+00:00,26.0,96.9,1005.6,2.6,97.7,0.0,cloudy,Lang Son
2025-06-08 16:00:00+00:00,26.6,91.4,1004.8,1.5,100.0,0.6,rain,Lao Cai
2025-06-08 16:00:00+00:00,27.0,95.7,1004.3,1.3,95.3,0.0,cloudy,Hanoi
2025-06-08 16:00:00+00:00,26.3,90.5,1008.2,2.5,100.0,0.0,cloudy,Ca Mau
2025-06-08 16:00:00+00:00,28.2,90.6,1004.3,4.8,93.7,0.0,cloudy,Haiphong
2025-06-08 17:00:00+00:00,27.2,94.3,1005.4,2.2,99.2,0.0,partlycloudy_night,Nha Trang
2025-06-08 17:00:00+00:00,25.4,95.1,1007.9,1.8,100.0,0.0,cloudy,Ho Chi Minh City
2025-06-08 17:00:00+00:00,26.8,97.0,1003.7,1.0,96.9,1.7,heavyrain,Hanoi
2025-06-08 17:00:00+00:00,28.0,83.8,1003.8,3.3,88.3,0.1,lightrainshowers_night,Ha Tinh
2025-06-08 17:00:00+00:00,27.2,91.9,1005.5,2.5,5.5,0.0,clearsky_night,Da Nang
2025-06-08 17:00:00+00:00,25.6,98.4,1005.1,2.7,95.3,0.0,cloudy,Lang Son
2025-06-08 17:00:00+00:00,23.0,94.3,1008.4,2.3,10.9,0.0,clearsky_night,Buon Ma Thuot
2025-06-08 17:00:00+00:00,26.5,89.6,1008.2,3.3,100.0,0.0,cloudy,Ca Mau
2025-06-08 17:00:00+00:00,25.5,94.9,1004.6,1.6,100.0,0.5,rain,Lao Cai
2025-06-08 17:00:00+00:00,28.0,91.7,1003.8,3.8,89.1,0.0,cloudy,Haiphong
2025-06-08 18:00:00+00:00,25.3,95.6,1003.8,1.7,100.0,0.8,rain,Lao Cai
2025-06-08 18:00:00+00:00,22.7,94.8,1007.8,1.6,25.0,0.0,fair_night,Buon Ma Thuot
2025-06-08 18:00:00+00:00,26.4,89.5,1007.3,2.7,100.0,0.0,cloudy,Ca Mau
2025-06-08 18:00:00+00:00,28.0,91.5,1003.3,4.1,91.4,0.0,cloudy,Haiphong
2025-06-08 18:00:00+00:00,26.2,97.6,1003.5,3.0,100.0,3.4,heavyrain,Hanoi
2025-06-08 18:00:00+00:00,27.2,90.6,1004.7,2.5,49.2,0.0,partlycloudy_night,Nha Trang
2025-06-08 18:00:00+00:00,25.3,98.8,1004.5,2.8,97.7,0.0,cloudy,Lang Son
2025-06-08 18:00:00+00:00,28.1,79.7,1003.8,4.3,85.9,0.2,lightrainshowers_night,Ha Tinh
2025-06-08 18:00:00+00:00,25.4,95.2,1007.3,2.0,60.2,0.0,partlycloudy_night,Ho Chi Minh City
2025-06-08 18:00:00+00:00,26.9,92.5,1004.5,2.1,0.0,0.0,clearsky_night,Da Nang
2025-06-08 19:00:00+00:00,22.6,95.7,1007.2,1.6,26.6,0.0,fair_night,Buon Ma Thuot
2025-06-08 19:00:00+00:00,26.6,93.9,1003.5,1.5,0.0,0.0,clearsky_night,Da Nang
2025-06-08 19:00:00+00:00,27.3,84.6,1002.4,2.1,78.1,0.0,partlycloudy_night,Ha Tinh
2025-06-08 19:00:00+00:00,26.5,89.4,1006.4,3.5,84.4,3.4,heavyrainshowers_night,Ca Mau
2025-06-08 19:00:00+00:00,25.4,99.2,1003.3,2.3,100.0,2.0,heavyrain,Hanoi
2025-06-08 19:00:00+00:00,25.0,97.1,1003.4,1.0,100.0,0.6,rain,Lao Cai
2025-06-08 19:00:00+00:00,27.8,90.0,1003.5,4.3,100.0,0.0,cloudy,Haiphong
2025-06-08 19:00:00+00:00,25.2,98.8,1004.4,2.6,99.2,0.0,cloudy,Lang Son
2025-06-08 19:00:00+00:00,27.1,88.8,1004.0,2.2,48.4,0.0,partlycloudy_night,Nha Trang
2025-06-08 19:00:00+00:00,25.2,96.4,1007.0,2.7,82.8,0.0,partlycloudy_night,Ho Chi Minh City
2025-06-08 20:00:00+00:00,26.4,94.2,1002.8,2.1,0.0,0.0,clearsky_night,Da Nang
2025-06-08 20:00:00+00:00,25.4,97.4,1003.1,2.4,100.0,2.2,heavyrain,Hanoi
2025-06-08 20:00:00+00:00,22.5,96.0,1007.2,1.9,76.6,0.0,partlycloudy_night,Buon Ma Thuot
2025-06-08 20:00:00+00:00,27.7,89.1,1002.6,5.3,92.2,0.9,rain,Haiphong
2025-06-08 20:00:00+00:00,24.5,95.6,1007.1,5.8,96.1,1.8,heavyrain,Ca Mau
2025-06-08 20:00:00+00:00,26.9,87.2,1003.8,2.4,22.7,0.0,fair_night,Nha Trang
2025-06-08 20:00:00+00:00,25.1,96.6,1006.3,2.2,20.3,0.0,fair_night,Ho Chi Minh City
2025-06-08 20:00:00+00:00,26.8,88.6,1002.6,2.9,90.6,0.0,partlycloudy_night,Ha Tinh
2025-06-08 20:00:00+00:00,25.2,98.2,1004.1,3.0,100.0,0.0,cloudy,Lang Son
2025-06-08 20:00:00+00:00,24.7,98.5,1002.9,0.9,100.0,0.2,lightrain,Lao Cai
2025-06-08 21:00:00+00:00,22.4,98.3,1007.1,1.8,100.0,0.0,cloudy,Buon Ma Thuot
2025-06-08 21:00:00+00:00,25.3,96.3,1003.0,1.4,100.0,0.0,cloudy,Hanoi
2025-06-08 21:00:00+00:00,24.6,98.2,1003.5,1.1,100.0,0.0,cloudy,Lao Cai
2025-06-08 21:00:00+00:00,26.8,86.1,1003.9,2.8,27.3,0.0,fair_night,Nha Trang
2025-06-08 21:00:00+00:00,24.9,97.2,1005.5,1.5,17.2,0.0,fair_night,Ho Chi Minh City
2025-06-08 21:00:00+00:00,26.6,89.3,1001.9,2.9,85.9,0.0,partlycloudy_night,Ha Tinh
2025-06-08 21:00:00+00:00,26.3,94.3,1003.0,5.6,94.5,0.0,cloudy,Haiphong
2025-06-08 21:00:00+00:00,24.8,95.9,1007.0,4.3,100.0,1.3,heavyrain,Ca Mau
2025-06-08 21:00:00+00:00,25.3,97.2,1004.1,2.5,100.0,0.0,cloudy,Lang Son
2025-06-08 21:00:00+00:00,26.1,95.3,1002.3,2.1,0.8,0.0,clearsky_night,Da Nang
2025-06-08 22:00:00+00:00,25.3,97.0,1002.6,1.9,100.0,0.0,partlycloudy_day,Hanoi
2025-06-08 22:00:00+00:00,26.6,85.8,1003.7,2.8,93.7,0.0,partlycloudy_day,Nha Trang
2025-06-08 22:00:00+00:00,24.8,96.4,1006.4,2.6,100.0,0.5,rain,Ca Mau
2025-06-08 22:00:00+00:00,24.6,97.0,1003.7,1.8,100.0,2.0,heavyrain,Lao Cai
2025-06-08 22:00:00+00:00,25.0,98.3,1004.7,2.2,99.2,0.0,cloudy,Lang Son
2025-06-08 22:00:00+00:00,25.9,95.4,1002.8,2.4,3.1,0.0,clearsky_day,Da Nang
2025-06-08 22:00:00+00:00,22.6,99.2,1006.6,1.4,100.0,0.0,cloudy,Buon Ma Thuot
2025-06-08 22:00:00+00:00,26.4,89.9,1001.9,2.5,96.9,0.0,partlycloudy_day,Ha Tinh
2025-06-08 22:00:00+00:00,26.4,95.9,1003.0,2.4,98.4,0.0,cloudy,Haiphong
2025-06-08 22:00:00+00:00,24.9,97.4,1006.1,2.5,59.4,3.1,heavyrainshowers_night,Ho Chi Minh City
2025-06-08 23:00:00+00:00,24.1,98.6,1007.1,3.3,100.0,1.3,heavyrain,Ho Chi Minh City
2025-06-08 23:00:00+00:00,26.8,90.7,1003.1,2.6,96.9,0.0,cloudy,Ha Tinh
2025-06-08 23:00:00+00:00,25.5,96.2,1003.5,2.3,99.2,0.0,cloudy,Hanoi
2025-06-08 23:00:00+00:00,26.7,95.0,1002.9,1.6,94.5,0.0,partlycloudy_day,Haiphong
2025-06-08 23:00:00+00:00,26.5,90.9,1003.1,2.2,0.0,0.0,clearsky_day,Da Nang
2025-06-08 23:00:00+00:00,24.8,96.0,1007.5,4.7,100.0,1.0,heavyrain,Ca Mau
2025-06-08 23:00:00+00:00,27.0,81.9,1004.1,3.2,90.6,0.0,partlycloudy_day,Nha Trang
2025-06-08 23:00:00+00:00,23.0,96.7,1007.3,2.1,99.2,0.0,cloudy,Buon Ma Thuot
2025-06-08 23:00:00+00:00,25.6,95.1,1004.4,2.2,100.0,0.0,cloudy,Lang Son
2025-06-08 23:00:00+00:00,24.6,96.6,1004.9,1.4,100.0,0.9,rain,Lao Cai
2025-06-09 00:00:00+00:00,27.9,90.3,1003.9,1.3,98.4,0.0,partlycloudy_day,Haiphong
2025-06-09 00:00:00+00:00,25.0,95.6,1007.5,4.0,77.3,0.5,rainshowers_day,Ca Mau
2025-06-09 00:00:00+00:00,27.0,85.8,1005.2,2.4,100.0,0.0,cloudy,Lang Son
2025-06-09 00:00:00+00:00,24.2,90.4,1008.0,2.7,100.0,0.0,partlycloudy_day,Buon Ma Thuot
2025-06-09 00:00:00+00:00,28.3,83.2,1003.9,3.3,84.4,0.0,partlycloudy_day,Ha Tinh
2025-06-09 00:00:00+00:00,26.5,91.5,1003.9,1.3,100.0,0.0,cloudy,Hanoi
2025-06-09 00:00:00+00:00,24.7,96.7,1005.0,2.0,100.0,0.0,cloudy,Lao Cai
2025-06-09 00:00:00+00:00,24.6,95.0,1007.1,2.7,72.7,0.0,partlycloudy_day,Ho Chi Minh City
2025-06-09 00:00:00+00:00,28.5,72.3,1005.0,4.4,98.4,0.0,partlycloudy_day,Nha Trang
2025-06-09 00:00:00+00:00,29.0,76.4,1003.8,1.9,3.1,0.0,clearsky_day,Da Nang
2025-06-09 01:00:00+00:00,30.1,66.4,1005.1,3.9,100.0,0.0,partlycloudy_day,Nha Trang
2025-06-09 01:00:00+00:00,28.8,76.7,1005.4,2.6,100.0,0.0,cloudy,Lang Son
2025-06-09 01:00:00+00:00,27.8,86.3,1004.5,1.6,100.0,0.0,cloudy,Hanoi
2025-06-09 01:00:00+00:00,29.5,80.5,1004.6,3.0,88.3,0.0,cloudy,Ha Tinh
2025-06-09 01:00:00+00:00,26.5,86.6,1007.5,3.7,100.0,0.1,lightrain,Ho Chi Minh City
2025-06-09 01:00:00+00:00,26.5,89.8,1007.7,3.8,99.2,1.2,heavyrain,Ca Mau
2025-06-09 01:00:00+00:00,29.5,81.6,1004.2,0.8,100.0,0.0,cloudy,Haiphong
2025-06-09 01:00:00+00:00,25.8,81.9,1008.3,3.9,64.8,0.2,lightrainshowers_day,Buon Ma Thuot
2025-06-09 01:00:00+00:00,25.2,95.4,1005.3,0.9,100.0,0.3,rain,Lao Cai
2025-06-09 01:00:00+00:00,31.6,62.8,1004.7,2.6,0.8,0.0,clearsky_day,Da Nang
2025-06-09 02:00:00+00:00,27.1,85.7,1008.8,6.9,100.0,1.5,heavyrain,Ca Mau
2025-06-09 02:00:00+00:00,30.0,71.9,1005.5,2.3,100.0,0.0,cloudy,Lang Son
2025-06-09 02:00:00+00:00,31.6,60.0,1005.4,2.8,100.0,0.0,partlycloudy_day,Nha Trang
2025-06-09 02:00:00+00:00,30.9,74.4,1004.5,1.7,98.4,0.1,lightrain,Haiphong
2025-06-09 02:00:00+00:00,26.9,76.4,1008.3,4.2,79.7,0.3,rainshowers_day,Buon Ma Thuot
2025-06-09 02:00:00+00:00,27.7,81.7,1007.9,4.1,64.8,0.2,lightrainshowers_day,Ho Chi Minh City
2025-06-09 02:00:00+00:00,25.9,91.3,1005.3,0.9,100.0,0.2,lightrain,Lao Cai
2025-06-09 02:00:00+00:00,30.7,78.1,1004.5,1.6,78.9,0.0,partlycloudy_day,Ha Tinh
2025-06-09 02:00:00+00:00,33.5,54.9,1005.2,2.8,4.7,0.0,clearsky_day,Da Nang
2025-06-09 02:00:00+00:00,28.9,81.5,1004.2,1.3,100.0,0.1,lightrain,Hanoi
2025-06-09 03:00:00+00:00,34.6,52.9,1004.7,3.5,7.8,0.0,clearsky_day,Da Nang
2025-06-09 03:00:00+00:00,33.0,55.7,1005.3,1.5,100.0,0.0,partlycloudy_day,Nha Trang
2025-06-09 03:00:00+00:00,27.1,86.4,1008.7,7.0,100.0,1.2,heavyrain,Ca Mau
2025-06-09 03:00:00+00:00,31.8,73.3,1004.0,2.5,19.5,0.0,fair_day,Ha Tinh
2025-06-09 03:00:00+00:00,30.1,77.8,1004.4,1.0,99.2,0.0,cloudy,Hanoi
2025-06-09 03:00:00+00:00,27.1,85.3,1004.9,1.8,100.0,0.0,partlycloudy_day,Lao Cai
2025-06-09 03:00:00+00:00,27.9,73.1,1008.1,4.5,90.6,0.4,rain,Buon Ma Thuot
2025-06-09 03:00:00+00:00,29.3,74.7,1007.5,4.3,78.1,0.0,partlycloudy_day,Ho Chi Minh City
2025-06-09 03:00:00+00:00,31.7,72.0,1004.1,2.3,75.8,0.1,lightrainshowers_day,Haiphong
2025-06-09 03:00:00+00:00,30.9,68.9,1005.2,1.8,100.0,0.0,cloudy,Lang Son
2025-06-09 04:00:00+00:00,34.9,53.9,1004.0,4.9,16.4,0.0,fair_day,Da Nang
2025-06-09 04:00:00+00:00,32.1,72.4,1003.7,3.2,86.7,0.0,cloudy,Haiphong
2025-06-09 04:00:00+00:00,26.7,86.6,1008.2,5.5,100.0,1.6,heavyrain,Ca Mau
2025-06-09 04:00:00+00:00,28.8,71.5,1007.0,4.3,39.8,0.3,rainshowers_day,Buon Ma Thuot
2025-06-09 04:00:00+00:00,30.9,74.2,1003.6,0.8,90.6,0.2,lightrain,Hanoi
2025-06-09 04:00:00+00:00,32.5,71.4,1003.2,3.5,8.6,0.0,clearsky_day,Ha Tinh
2025-06-09 04:00:00+00:00,28.6,78.9,1004.0,1.5,100.0,0.0,partlycloudy_day,Lao Cai
2025-06-09 04:00:00+00:00,30.3,73.6,1006.8,3.7,99.2,0.0,cloudy,Ho Chi Minh City
2025-06-09 04:00:00+00:00,31.5,66.7,1004.6,2.0,100.0,0.0,cloudy,Lang Son
2025-06-09 04:00:00+00:00,33.6,54.1,1004.6,2.8,100.0,0.0,partlycloudy_day,Nha Trang
2025-06-09 05:00:00+00:00,32.6,62.5,1003.7,1.9,100.0,0.0,cloudy,Lang Son
2025-06-09 05:00:00+00:00,29.0,76.7,1003.0,2.2,100.0,0.0,partlycloudy_day,Lao Cai
2025-06-09 05:00:00+00:00,29.6,72.3,1006.1,4.1,91.4,0.0,cloudy,Buon Ma Thuot
2025-06-09 05:00:00+00:00,32.1,74.1,1002.8,3.6,93.7,0.0,cloudy,Haiphong
2025-06-09 05:00:00+00:00,31.7,71.5,1002.6,0.7,45.3,0.3,rainshowers_day,Hanoi
2025-06-09 05:00:00+00:00,27.2,88.2,1007.3,5.8,100.0,0.6,rain,Ca Mau
2025-06-09 05:00:00+00:00,33.0,70.8,1002.7,4.0,10.9,0.0,clearsky_day,Ha Tinh
2025-06-09 05:00:00+00:00,31.1,69.8,1005.8,6.2,100.0,11.2,heavyrain,Ho Chi Minh City
2025-06-09 05:00:00+00:00,34.7,55.2,1003.3,5.5,19.5,0.6,rainshowers_day,Da Nang
2025-06-09 05:00:00+00:00,32.7,59.7,1003.7,5.5,68.0,0.1,lightrainshowers_day,Nha Trang
2025-06-09 06:00:00+00:00,33.9,56.4,1002.8,5.4,55.5,,,Da Nang
2025-06-09 06:00:00+00:00,29.5,75.5,1001.5,2.2,100.0,,,Lao Cai
2025-06-09 06:00:00+00:00,32.8,60.5,1002.3,1.9,100.0,,,Lang Son
2025-06-09 06:00:00+00:00,32.1,73.9,1001.9,4.5,25.8,,,Haiphong
2025-06-09 06:00:00+00:00,29.7,68.7,1004.9,4.2,99.2,,,Buon Ma Thuot
2025-06-09 06:00:00+00:00,28.1,86.5,1006.3,6.0,100.0,,,Ca Mau
2025-06-09 06:00:00+00:00,32.9,60.3,1003.4,6.7,65.6,,,Nha Trang
2025-06-09 06:00:00+00:00,26.4,88.3,1005.6,5.7,100.0,,,Ho Chi Minh City
2025-06-09 06:00:00+00:00,33.1,71.4,1001.8,4.5,19.5,,,Ha Tinh
2025-06-09 06:00:00+00:00,32.3,71.1,1001.7,0.7,59.4,,,Hanoi
2025-06-09 12:00:00+00:00,30.4,72.4,1002.1,1.4,3.9,,,Da Nang
2025-06-09 12:00:00+00:00,27.7,86.9,1000.8,0.7,100.0,,,Lao Cai
2025-06-09 12:00:00+00:00,26.1,91.7,1005.0,1.4,100.0,,,Ho Chi Minh City
2025-06-09 12:00:00+00:00,27.8,86.0,1001.9,1.2,34.4,,,Lang Son
2025-06-09 12:00:00+00:00,29.6,85.8,1000.4,1.1,75.8,,,Hanoi
2025-06-09 12:00:00+00:00,29.5,78.9,1002.9,0.7,100.0,,,Nha Trang
2025-06-09 12:00:00+00:00,26.0,89.4,1006.2,5.4,100.0,,,Ca Mau
2025-06-09 12:00:00+00:00,29.6,83.0,1000.4,1.7,2.3,,,Ha Tinh
2025-06-09 12:00:00+00:00,23.6,95.7,1006.0,0.5,100.0,,,Buon Ma Thuot
2025-06-09 12:00:00+00:00,29.0,85.4,1000.8,2.2,93.0,,,Haiphong
2025-06-09 18:00:00+00:00,25.1,97.1,1004.2,0.4,100.0,,,Lao Cai
2025-06-09 18:00:00+00:00,27.2,93.0,1002.5,0.5,27.3,,,Da Nang
2025-06-09 18:00:00+00:00,24.7,98.8,1004.1,1.2,100.0,,,Lang Son
2025-06-09 18:00:00+00:00,28.0,90.0,1002.2,1.4,83.6,,,Haiphong
2025-06-09 18:00:00+00:00,25.8,96.2,1002.7,1.5,96.9,,,Hanoi
2025-06-09 18:00:00+00:00,26.9,89.7,1003.7,1.8,91.4,,,Nha Trang
2025-06-09 18:00:00+00:00,27.6,89.9,1002.1,2.0,78.9,,,Ha Tinh
2025-06-09 18:00:00+00:00,22.9,96.3,1006.7,1.5,100.0,,,Buon Ma Thuot
2025-06-09 18:00:00+00:00,25.1,96.0,1006.3,4.0,100.0,,,Ca Mau
2025-06-09 18:00:00+00:00,25.2,94.4,1005.9,2.8,100.0,,,Ho Chi Minh City
2025-06-10 00:00:00+00:00,24.3,92.2,1007.1,0.5,97.7,,,Buon Ma Thuot
2025-06-10 00:00:00+00:00,26.3,89.4,1003.8,0.8,99.2,,,Haiphong
2025-06-10 00:00:00+00:00,28.7,72.8,1004.4,2.2,100.0,,,Nha Trang
2025-06-10 00:00:00+00:00,25.9,92.5,1006.4,5.2,100.0,,,Ca Mau
2025-06-10 00:00:00+00:00,25.3,92.1,1004.8,2.8,100.0,,,Hanoi
2025-06-10 00:00:00+00:00,24.4,95.9,1005.4,2.7,100.0,,,Lang Son
2025-06-10 00:00:00+00:00,29.5,74.6,1003.7,0.6,19.5,,,Da Nang
2025-06-10 00:00:00+00:00,25.6,90.5,1006.3,3.5,100.0,,,Ho Chi Minh City
2025-06-10 00:00:00+00:00,28.5,84.4,1003.4,0.4,98.4,,,Ha Tinh
2025-06-10 00:00:00+00:00,24.7,97.0,1005.3,0.8,100.0,,,Lao Cai
2025-06-10 06:00:00+00:00,29.2,79.5,1005.0,3.6,100.0,,,Ho Chi Minh City
2025-06-10 06:00:00+00:00,32.5,70.2,1002.2,0.4,100.0,,,Haiphong
2025-06-10 06:00:00+00:00,30.6,72.2,1002.7,2.1,44.5,,,Hanoi
2025-06-10 06:00:00+00:00,29.9,71.6,1004.1,2.6,51.6,,,Lang Son
2025-06-10 06:00:00+00:00,33.2,57.5,1002.5,1.9,100.0,,,Nha Trang
2025-06-10 06:00:00+00:00,33.5,58.7,1001.4,4.0,94.5,,,Da Nang
2025-06-10 06:00:00+00:00,32.0,73.5,1001.9,1.4,25.8,,,Ha Tinh
2025-06-10 06:00:00+00:00,29.3,74.4,1004.0,1.2,100.0,,,Lao Cai
2025-06-10 06:00:00+00:00,26.5,88.1,1004.8,1.7,100.0,,,Buon Ma Thuot
2025-06-10 06:00:00+00:00,27.1,87.0,1006.4,6.8,100.0,,,Ca Mau
2025-06-10 12:00:00+00:00,22.9,98.0,1007.2,1.5,100.0,,,Buon Ma Thuot
2025-06-10 12:00:00+00:00,27.5,88.0,1002.6,0.6,75.8,,,Ha Tinh
2025-06-10 12:00:00+00:00,27.1,85.0,1003.5,0.9,63.3,,,Lao Cai
2025-06-10 12:00:00+00:00,26.1,91.4,1005.7,2.6,100.0,,,Ho Chi Minh City
2025-06-10 12:00:00+00:00,26.8,82.7,1004.0,2.8,86.7,,,Lang Son
2025-06-10 12:00:00+00:00,28.2,87.5,1002.3,0.9,36.7,,,Haiphong
2025-06-10 12:00:00+00:00,26.4,92.6,1005.9,3.4,100.0,,,Ca Mau
2025-06-10 12:00:00+00:00,27.2,84.1,1003.4,1.2,100.0,,,Da Nang
2025-06-10 12:00:00+00:00,28.3,89.9,1002.4,0.8,84.4,,,Hanoi
2025-06-10 12:00:00+00:00,29.5,80.3,1004.0,2.2,100.0,,,Nha Trang
2025-06-10 18:00:00+00:00,27.6,93.1,1003.8,0.7,100.0,,,Nha Trang
2025-06-10 18:00:00+00:00,26.1,93.1,1002.8,1.1,100.0,,,Da Nang
2025-06-10 18:00:00+00:00,25.5,96.0,1003.7,2.5,94.5,,,Haiphong
2025-06-10 18:00:00+00:00,25.4,96.4,1006.5,2.6,100.0,,,Ho Chi Minh City
2025-06-10 18:00:00+00:00,25.7,85.7,1005.0,0.8,100.0,,,Lao Cai
2025-06-10 18:00:00+00:00,25.0,98.0,1004.7,1.7,100.0,,,Hanoi
2025-06-10 18:00:00+00:00,24.5,96.8,1007.3,3.3,100.0,,,Ca Mau
2025-06-10 18:00:00+00:00,23.5,98.9,1005.7,0.5,98.4,,,Lang Son
2025-06-10 18:00:00+00:00,24.8,97.0,1004.1,0.8,88.3,,,Ha Tinh
2025-06-10 18:00:00+00:00,23.1,95.6,1006.6,1.7,100.0,,,Buon Ma Thuot
2025-06-11 00:00:00+00:00,25.3,93.5,1005.5,1.6,66.4,,,Hanoi
2025-06-11 00:00:00+00:00,26.0,89.5,1005.4,2.2,79.7,,,Haiphong
2025-06-11 00:00:00+00:00,28.2,82.7,1004.1,0.7,100.0,,,Da Nang
2025-06-11 00:00:00+00:00,23.9,91.8,1007.4,1.4,100.0,,,Buon Ma Thuot
2025-06-11 00:00:00+00:00,24.1,93.7,1007.1,2.0,96.1,,,Lang Son
2025-06-11 00:00:00+00:00,25.2,92.1,1007.8,3.2,96.1,,,Ca Mau
2025-06-11 00:00:00+00:00,25.7,90.7,1005.5,2.1,100.0,,,Ha Tinh
2025-06-11 00:00:00+00:00,27.7,78.9,1005.8,0.5,53.1,,,Lao Cai
2025-06-11 00:00:00+00:00,25.6,95.5,1007.2,2.9,100.0,,,Ho Chi Minh City
2025-06-11 00:00:00+00:00,28.4,77.0,1004.5,1.2,100.0,,,Nha Trang
2025-06-11 06:00:00+00:00,28.2,81.5,1005.6,3.3,100.0,,,Ho Chi Minh City
2025-06-11 06:00:00+00:00,31.2,67.6,1002.5,0.9,100.0,,,Da Nang
2025-06-11 06:00:00+00:00,31.7,64.7,1002.5,3.0,87.5,,,Hanoi
2025-06-11 06:00:00+00:00,33.2,60.0,1002.1,0.9,19.5,,,Haiphong
2025-06-11 06:00:00+00:00,25.3,91.1,1006.3,3.1,100.0,,,Buon Ma Thuot
2025-06-11 06:00:00+00:00,29.9,69.2,1004.0,3.1,96.9,,,Lang Son
2025-06-11 06:00:00+00:00,34.1,51.2,1002.7,2.1,53.9,,,Lao Cai
2025-06-11 06:00:00+00:00,29.6,74.3,1003.3,2.4,100.0,,,Ha Tinh
2025-06-11 06:00:00+00:00,30.6,64.2,1003.3,1.9,100.0,,,Nha Trang
2025-06-11 06:00:00+00:00,31.6,66.4,1006.1,5.0,100.0,,,Ca Mau
2025-06-11 12:00:00+00:00,28.7,82.0,1001.9,1.2,75.0,,,Hanoi
2025-06-11 12:00:00+00:00,28.8,84.3,1002.2,2.1,10.9,,,Haiphong
2025-06-11 12:00:00+00:00,27.0,81.9,1003.4,1.9,14.8,,,Lang Son
2025-06-11 12:00:00+00:00,28.0,84.4,1003.0,0.8,68.7,,,Ha Tinh
2025-06-11 12:00:00+00:00,27.8,86.1,1004.4,0.6,100.0,,,Nha Trang
2025-06-11 12:00:00+00:00,27.0,83.7,1006.1,2.7,100.0,,,Ho Chi Minh City
2025-06-11 12:00:00+00:00,27.4,84.0,1003.1,1.3,100.0,,,Da Nang
2025-06-11 12:00:00+00:00,27.1,86.0,1006.4,2.0,100.0,,,Ca Mau
2025-06-11 12:00:00+00:00,23.3,97.7,1007.7,0.6,100.0,,,Buon Ma Thuot
2025-06-11 12:00:00+00:00,29.7,68.9,1001.5,1.2,94.5,,,Lao Cai
2025-06-11 18:00:00+00:00,25.7,95.1,1007.3,0.9,100.0,,,Ca Mau
2025-06-11 18:00:00+00:00,25.4,96.3,1003.8,1.0,100.0,,,Haiphong
2025-06-11 18:00:00+00:00,25.7,95.5,1003.8,1.2,100.0,,,Ha Tinh
2025-06-11 18:00:00+00:00,26.5,92.1,1003.3,0.3,100.0,,,Da Nang
2025-06-11 18:00:00+00:00,25.5,91.0,1007.0,2.6,100.0,,,Ho Chi Minh City
2025-06-11 18:00:00+00:00,25.7,97.2,1003.8,2.0,91.4,,,Hanoi
2025-06-11 18:00:00+00:00,26.7,96.6,1004.3,1.6,100.0,,,Nha Trang
2025-06-11 18:00:00+00:00,26.4,83.8,1003.8,0.5,96.1,,,Lao Cai
2025-06-11 18:00:00+00:00,22.6,97.8,1007.6,0.6,100.0,,,Buon Ma Thuot
2025-06-11 18:00:00+00:00,24.3,96.1,1004.6,0.9,27.3,,,Lang Son
2025-06-12 00:00:00+00:00,27.4,85.1,1004.0,0.6,100.0,,,Da Nang
2025-06-12 00:00:00+00:00,25.4,93.0,1004.1,3.3,100.0,,,Haiphong
2025-06-12 00:00:00+00:00,26.0,91.3,1007.4,1.5,100.0,,,Ho Chi Minh City
2025-06-12 00:00:00+00:00,24.8,96.5,1004.4,2.9,100.0,,,Hanoi
2025-06-12 00:00:00+00:00,24.7,94.0,1005.8,1.9,100.0,,,Lang Son
2025-06-12 00:00:00+00:00,26.5,87.6,1003.8,1.1,100.0,,,Ha Tinh
2025-06-12 00:00:00+00:00,27.3,85.3,1004.9,1.2,100.0,,,Nha Trang
2025-06-12 00:00:00+00:00,26.3,87.8,1005.7,1.1,99.2,,,Lao Cai
2025-06-12 00:00:00+00:00,27.1,88.9,1008.0,2.3,100.0,,,Ca Mau
2025-06-12 00:00:00+00:00,22.8,95.8,1008.4,0.6,100.0,,,Buon Ma Thuot
2025-06-12 06:00:00+00:00,33.3,58.1,1001.8,2.2,91.4,,,Lao Cai
2025-06-12 06:00:00+00:00,31.0,71.0,1002.3,2.5,100.0,,,Ha Tinh
2025-06-12 06:00:00+00:00,24.4,95.8,1007.6,3.6,100.0,,,Buon Ma Thuot
2025-06-12 06:00:00+00:00,29.7,70.6,1004.4,1.5,100.0,,,Nha Trang
2025-06-12 06:00:00+00:00,32.1,66.9,1006.7,3.9,100.0,,,Ca Mau
2025-06-12 06:00:00+00:00,30.8,69.3,1003.0,2.4,100.0,,,Lang Son
2025-06-12 06:00:00+00:00,30.6,70.8,1002.2,2.0,100.0,,,Hanoi
2025-06-12 06:00:00+00:00,29.8,74.1,1006.2,2.5,100.0,,,Ho Chi Minh City
2025-06-12 06:00:00+00:00,30.9,70.3,1002.0,0.4,100.0,,,Haiphong
2025-06-12 06:00:00+00:00,31.5,63.6,1003.0,1.5,100.0,,,Da Nang
2025-06-12 12:00:00+00:00,29.1,83.0,1002.1,1.8,98.4,,,Hanoi
2025-06-12 12:00:00+00:00,28.6,80.0,1004.9,0.6,100.0,,,Nha Trang
2025-06-12 12:00:00+00:00,27.7,82.6,1002.9,2.5,89.8,,,Lang Son
2025-06-12 12:00:00+00:00,30.2,70.5,1000.8,0.2,99.2,,,Lao Cai
2025-06-12 12:00:00+00:00,28.0,82.5,1006.8,1.5,100.0,,,Ho Chi Minh City
2025-06-12 12:00:00+00:00,29.3,78.1,1003.7,1.8,100.0,,,Da Nang
2025-06-12 12:00:00+00:00,24.0,94.8,1007.7,0.2,100.0,,,Buon Ma Thuot
2025-06-12 12:00:00+00:00,28.2,84.8,1002.5,2.0,100.0,,,Haiphong
2025-06-12 12:00:00+00:00,28.1,84.4,1007.2,2.3,100.0,,,Ca Mau
2025-06-12 12:00:00+00:00,28.0,86.8,1003.0,0.8,100.0,,,Ha Tinh
2025-06-12 18:00:00+00:00,24.7,99.1,1005.4,2.0,55.5,,,Lang Son
2025-06-12 18:00:00+00:00,26.6,82.5,1004.5,0.5,27.3,,,Lao Cai
2025-06-12 18:00:00+00:00,27.0,92.9,1006.6,1.7,100.0,,,Nha Trang
2025-06-12 18:00:00+00:00,23.0,96.5,1009.9,2.2,100.0,,,Buon Ma Thuot
2025-06-12 18:00:00+00:00,27.1,92.6,1004.7,0.5,93.0,,,Da Nang
2025-06-12 18:00:00+00:00,26.4,90.6,1008.6,1.7,100.0,,,Ho Chi Minh City
2025-06-12 18:00:00+00:00,26.8,93.7,1004.1,0.1,67.2,,,Haiphong
2025-06-12 18:00:00+00:00,26.7,90.9,1003.8,1.3,100.0,,,Ha Tinh
2025-06-12 18:00:00+00:00,26.3,93.8,1008.7,1.6,100.0,,,Ca Mau
2025-06-12 18:00:00+00:00,26.5,94.6,1003.9,1.6,82.0,,,Hanoi
2025-06-13 00:00:00+00:00,27.2,86.5,1006.9,1.7,100.0,,,Nha Trang
2025-06-13 00:00:00+00:00,26.9,90.6,1004.4,0.9,93.0,,,Haiphong
2025-06-13 00:00:00+00:00,26.9,82.0,1005.3,0.4,49.2,,,Lao Cai
2025-06-13 00:00:00+00:00,27.5,88.4,1004.8,0.7,100.0,,,Ha Tinh
2025-06-13 00:00:00+00:00,28.7,76.6,1005.5,0.4,100.0,,,Da Nang
2025-06-13 00:00:00+00:00,26.2,91.5,1005.7,1.2,98.4,,,Lang Son
2025-06-13 00:00:00+00:00,27.8,89.5,1008.8,1.7,88.3,,,Ca Mau
2025-06-13 00:00:00+00:00,26.8,90.9,1009.1,1.5,47.7,,,Ho Chi Minh City
2025-06-13 00:00:00+00:00,23.4,95.5,1010.0,0.6,100.0,,,Buon Ma Thuot
2025-06-13 00:00:00+00:00,26.7,90.1,1004.7,1.3,53.1,,,Hanoi
2025-06-13 06:00:00+00:00,33.8,52.7,1002.8,2.2,10.2,,,Lang Son
2025-06-13 06:00:00+00:00,32.9,69.0,1002.4,1.8,82.0,,,Ha Tinh
2025-06-13 06:00:00+00:00,31.3,75.0,1002.5,2.6,62.5,,,Haiphong
2025-06-13 06:00:00+00:00,31.7,63.8,1005.9,2.6,100.0,,,Nha Trang
2025-06-13 06:00:00+00:00,28.1,78.3,1007.7,3.4,100.0,,,Buon Ma Thuot
2025-06-13 06:00:00+00:00,34.3,55.1,1003.3,2.2,100.0,,,Da Nang
2025-06-13 06:00:00+00:00,34.0,57.9,1001.6,1.8,6.2,,,Lao Cai
2025-06-13 06:00:00+00:00,32.8,63.0,1006.5,2.9,93.7,,,Ho Chi Minh City
2025-06-13 06:00:00+00:00,33.4,64.7,1002.0,1.1,11.7,,,Hanoi
2025-06-13 06:00:00+00:00,30.9,72.6,1008.2,3.8,99.2,,,Ca Mau
2025-06-13 12:00:00+00:00,28.1,87.0,1005.2,1.7,46.9,,,Da Nang
2025-06-13 12:00:00+00:00,28.7,83.5,1008.2,2.8,100.0,,,Ca Mau
2025-06-13 12:00:00+00:00,28.0,83.6,1003.4,2.5,6.2,,,Lang Son
2025-06-13 12:00:00+00:00,30.4,72.4,1000.9,0.6,10.2,,,Lao Cai
2025-06-13 12:00:00+00:00,24.5,95.6,1009.0,1.8,97.7,,,Buon Ma Thuot
2025-06-13 12:00:00+00:00,26.6,95.6,1008.2,1.2,98.4,,,Ho Chi Minh City
2025-06-13 12:00:00+00:00,29.8,77.6,1006.4,0.5,100.0,,,Nha Trang
2025-06-13 12:00:00+00:00,28.2,92.0,1003.4,1.1,100.0,,,Ha Tinh
2025-06-13 12:00:00+00:00,28.6,86.7,1002.2,2.9,62.5,,,Hanoi
2025-06-13 12:00:00+00:00,28.5,88.0,1002.4,1.7,96.1,,,Haiphong
2025-06-13 18:00:00+00:00,27.0,93.1,1009.4,2.0,100.0,,,Ca Mau
2025-06-13 18:00:00+00:00,26.8,84.1,1004.8,1.2,70.3,,,Lao Cai
2025-06-13 18:00:00+00:00,26.7,96.4,1003.8,1.7,1.6,,,Hanoi
2025-06-13 18:00:00+00:00,27.9,88.1,1006.3,1.4,85.2,,,Nha Trang
2025-06-13 18:00:00+00:00,25.8,99.0,1009.4,0.6,100.0,,,Ho Chi Minh City
2025-06-13 18:00:00+00:00,26.7,96.8,1003.7,0.6,10.2,,,Haiphong
2025-06-13 18:00:00+00:00,26.4,95.7,1004.7,1.0,7.0,,,Da Nang
2025-06-13 18:00:00+00:00,26.8,85.7,1003.9,1.4,100.0,,,Ha Tinh
2025-06-13 18:00:00+00:00,24.7,99.7,1005.3,1.3,11.7,,,Lang Son
2025-06-13 18:00:00+00:00,22.7,99.3,1010.1,2.3,100.0,,,Buon Ma Thuot
2025-06-14 00:00:00+00:00,28.1,83.5,1004.7,1.5,99.2,,,Ha Tinh
2025-06-14 00:00:00+00:00,26.5,87.8,1005.4,0.3,14.8,,,Lao Cai
2025-06-14 00:00:00+00:00,26.2,92.0,1005.8,0.3,63.3,,,Lang Son
2025-06-14 00:00:00+00:00,28.8,87.0,1004.5,1.2,12.5,,,Haiphong
2025-06-14 00:00:00+00:00,27.8,88.9,1009.1,2.7,100.0,,,Ca Mau
2025-06-14 00:00:00+00:00,28.8,77.5,1005.4,0.5,100.0,,,Da Nang
2025-06-14 00:00:00+00:00,27.6,92.1,1004.7,1.0,100.0,,,Hanoi
2025-06-14 00:00:00+00:00,23.3,95.5,1010.2,1.5,100.0,,,Buon Ma Thuot
2025-06-14 00:00:00+00:00,26.6,91.8,1009.1,1.9,100.0,,,Ho Chi Minh City
2025-06-14 00:00:00+00:00,27.4,86.6,1006.9,1.9,100.0,,,Nha Trang
2025-06-14 06:00:00+00:00,28.2,76.7,1007.4,4.4,100.0,,,Buon Ma Thuot
2025-06-14 06:00:00+00:00,30.4,73.7,1003.3,2.3,97.7,,,Da Nang
2025-06-14 06:00:00+00:00,30.0,70.4,1005.5,2.3,100.0,,,Nha Trang
2025-06-14 06:00:00+00:00,32.1,67.8,1007.5,4.0,100.0,,,Ca Mau
2025-06-14 06:00:00+00:00,31.6,72.4,1002.2,2.4,32.0,,,Haiphong
2025-06-14 06:00:00+00:00,31.3,65.5,1006.7,2.9,97.7,,,Ho Chi Minh City
2025-06-14 06:00:00+00:00,32.3,70.9,1002.3,1.5,98.4,,,Ha Tinh
2025-06-14 06:00:00+00:00,33.3,67.3,1001.8,0.9,11.7,,,Hanoi
2025-06-14 06:00:00+00:00,34.1,54.9,1002.7,1.2,21.1,,,Lang Son
2025-06-14 06:00:00+00:00,33.9,58.8,1001.2,1.8,1.6,,,Lao Cai
2025-06-14 12:00:00+00:00,28.8,78.3,1002.2,3.2,15.6,,,Lang Son
2025-06-14 12:00:00+00:00,29.7,83.9,1001.3,4.1,35.2,,,Hanoi
2025-06-14 12:00:00+00:00,26.9,92.1,1004.4,0.7,100.0,,,Da Nang
2025-06-14 12:00:00+00:00,28.3,86.5,1005.0,0.7,100.0,,,Nha Trang
2025-06-14 12:00:00+00:00,28.8,86.2,1001.7,2.8,15.6,,,Haiphong
2025-06-14 12:00:00+00:00,26.5,92.1,1007.2,0.4,100.0,,,Ho Chi Minh City
2025-06-14 12:00:00+00:00,28.6,85.2,1001.9,1.3,100.0,,,Ha Tinh
2025-06-14 12:00:00+00:00,28.6,82.7,1007.0,2.6,100.0,,,Ca Mau
2025-06-14 12:00:00+00:00,24.9,92.2,1007.6,1.7,100.0,,,Buon Ma Thuot
2025-06-14 12:00:00+00:00,30.8,72.3,999.8,0.6,21.9,,,Lao Cai
2025-06-14 18:00:00+00:00,27.0,97.2,1002.7,1.9,2.3,,,Hanoi
2025-06-14 18:00:00+00:00,22.7,97.2,1008.1,0.3,100.0,,,Buon Ma Thuot
2025-06-14 18:00:00+00:00,26.0,96.2,1003.2,0.6,100.0,,,Da Nang
2025-06-14 18:00:00+00:00,26.3,87.6,1003.6,0.2,99.2,,,Lao Cai
2025-06-14 18:00:00+00:00,27.3,91.9,1005.2,1.0,100.0,,,Nha Trang
2025-06-14 18:00:00+00:00,26.7,82.8,1002.3,1.6,100.0,,,Ha Tinh
2025-06-14 18:00:00+00:00,26.8,92.3,1007.9,1.3,97.7,,,Ca Mau
2025-06-14 18:00:00+00:00,25.2,99.5,1004.3,1.9,64.1,,,Lang Son
2025-06-14 18:00:00+00:00,25.6,97.5,1007.5,0.6,100.0,,,Ho Chi Minh City
2025-06-14 18:00:00+00:00,27.0,92.9,1002.9,0.2,42.2,,,Haiphong
2025-06-15 00:00:00+00:00,26.6,95.2,1007.7,1.6,100.0,,,Ho Chi Minh City
2025-06-15 00:00:00+00:00,23.4,94.5,1008.2,0.4,100.0,,,Buon Ma Thuot
2025-06-15 00:00:00+00:00,28.1,80.3,1002.7,0.6,1.6,,,Ha Tinh
2025-06-15 00:00:00+00:00,26.5,87.6,1004.3,0.4,86.7,,,Lang Son
2025-06-15 00:00:00+00:00,28.0,88.2,1003.5,0.6,95.3,,,Da Nang
2025-06-15 00:00:00+00:00,27.4,93.8,1002.8,1.0,100.0,,,Hanoi
2025-06-15 00:00:00+00:00,28.3,90.1,1002.7,1.9,7.0,,,Haiphong
2025-06-15 00:00:00+00:00,28.4,78.3,1005.2,1.1,100.0,,,Nha Trang
2025-06-15 00:00:00+00:00,26.9,88.9,1008.4,3.7,90.6,,,Ca Mau
2025-06-15 00:00:00+00:00,25.7,91.3,1003.8,0.5,94.5,,,Lao Cai
2025-06-15 06:00:00+00:00,32.3,70.5,1001.0,2.2,14.8,,,Ha Tinh
2025-06-15 06:00:00+00:00,33.6,62.6,1000.4,1.8,94.5,,,Hanoi
2025-06-15 06:00:00+00:00,32.6,58.8,1003.9,1.5,100.0,,,Nha Trang
2025-06-15 06:00:00+00:00,29.5,69.3,1005.5,4.3,37.5,,,Buon Ma Thuot
2025-06-15 06:00:00+00:00,32.3,65.6,1005.3,2.9,100.0,,,Ho Chi Minh City
2025-06-15 06:00:00+00:00,33.9,51.6,1001.1,0.7,96.1,,,Lang Son
2025-06-15 06:00:00+00:00,29.6,78.6,1002.2,1.8,88.3,,,Da Nang
2025-06-15 06:00:00+00:00,32.6,64.8,999.4,2.7,21.1,,,Lao Cai
2025-06-15 06:00:00+00:00,31.8,72.8,1000.9,3.4,65.6,,,Haiphong
2025-06-15 06:00:00+00:00,29.6,74.0,1007.1,4.5,99.2,,,Ca Mau
2025-06-15 12:00:00+00:00,29.7,79.0,1000.9,2.2,90.6,,,Ha Tinh
2025-06-15 12:00:00+00:00,24.6,90.6,1006.0,2.2,97.7,,,Buon Ma Thuot
2025-06-15 12:00:00+00:00,28.3,81.5,1001.4,3.3,3.1,,,Lang Son
2025-06-15 12:00:00+00:00,28.0,86.7,1002.9,1.4,99.2,,,Da Nang
2025-06-15 12:00:00+00:00,30.0,80.8,1000.3,4.0,6.2,,,Hanoi
2025-06-15 12:00:00+00:00,29.3,82.8,999.7,0.7,78.9,,,Lao Cai
2025-06-15 12:00:00+00:00,29.1,82.6,1000.9,3.2,20.3,,,Haiphong
2025-06-15 12:00:00+00:00,30.1,74.4,1003.4,0.4,100.0,,,Nha Trang
2025-06-15 12:00:00+00:00,27.3,92.1,1005.4,1.3,100.0,,,Ho Chi Minh City
2025-06-15 12:00:00+00:00,27.6,83.6,1006.3,2.4,100.0,,,Ca Mau
2025-06-15 18:00:00+00:00,27.8,85.2,1004.8,2.1,97.7,,,Nha Trang
2025-06-15 18:00:00+00:00,26.9,88.9,1007.7,1.9,100.0,,,Ca Mau
2025-06-15 18:00:00+00:00,26.3,91.8,1007.2,1.7,100.0,,,Ho Chi Minh City
2025-06-15 18:00:00+00:00,25.2,98.1,1003.1,2.6,100.0,,,Lang Son
2025-06-15 18:00:00+00:00,27.1,79.8,1001.6,1.5,26.6,,,Ha Tinh
2025-06-15 18:00:00+00:00,26.3,97.3,1002.8,0.7,93.7,,,Da Nang
2025-06-15 18:00:00+00:00,26.8,95.3,1001.8,1.6,32.8,,,Hanoi
2025-06-15 18:00:00+00:00,23.5,95.2,1007.8,0.2,100.0,,,Buon Ma Thuot
2025-06-15 18:00:00+00:00,24.8,94.9,1002.8,0.6,100.0,,,Lao Cai
2025-06-15 18:00:00+00:00,27.8,88.2,1001.7,1.5,6.2,,,Haiphong
2025-06-16 00:00:00+00:00,24.0,95.0,1007.6,0.2,100.0,,,Buon Ma Thuot
2025-06-16 00:00:00+00:00,27.0,88.2,1007.0,2.8,46.9,,,Ho Chi Minh City
2025-06-16 00:00:00+00:00,28.2,83.9,1002.8,0.1,98.4,,,Da Nang
2025-06-16 00:00:00+00:00,27.5,92.6,1002.0,0.9,99.2,,,Hanoi
2025-06-16 00:00:00+00:00,28.7,74.2,1005.0,1.1,99.2,,,Nha Trang
2025-06-16 00:00:00+00:00,27.8,78.2,1001.6,0.8,98.4,,,Ha Tinh
2025-06-16 00:00:00+00:00,26.8,87.1,1003.5,1.2,99.2,,,Lang Son
2025-06-16 00:00:00+00:00,27.6,83.8,1007.5,3.8,26.6,,,Ca Mau
2025-06-16 00:00:00+00:00,28.6,87.9,1001.7,1.2,54.7,,,Haiphong
2025-06-16 00:00:00+00:00,24.6,94.6,1003.3,0.7,90.6,,,Lao Cai
